CUST_CODE,FEB_VISIT,FEB_PRODUCT,FEB_STORE,MAR_CHURN
CUST0000026911,3,8,1,0
CUST0000092645,5,46,2,0
CUST0000109188,1,22,1,0
CUST0000128103,1,2,1,0
CUST0000281089,5,14,1,0
CUST0000292032,3,42,2,0
CUST0000378448,1,2,1,0
CUST0000413598,7,18,2,0
CUST0000470698,2,10,1,0
CUST0000550895,5,7,1,0
CUST0000628056,5,12,2,0
CUST0000681997,2,18,1,0
CUST0000719553,1,4,1,0
CUST0000722790,1,8,1,0
CUST0000785789,1,30,1,0
CUST0000804675,3,6,1,0
CUST0000816691,10,17,2,0
CUST0000852365,2,2,1,0
CUST0000893325,3,26,1,0
CUST0000928648,5,37,1,0
CUST0000946821,4,27,3,0
CUST0000009737,18,66,2,0
CUST0000049075,2,6,1,0
CUST0000109193,1,3,1,0
CUST0000111673,1,3,1,0
CUST0000149391,4,3,1,0
CUST0000222318,4,25,2,0
CUST0000242357,2,6,1,0
CUST0000246094,2,2,1,0
CUST0000257507,1,7,1,0
CUST0000273560,2,5,1,0
CUST0000346556,3,16,2,0
CUST0000350221,17,54,1,0
CUST0000378373,4,22,1,0
CUST0000446407,3,17,1,0
CUST0000456966,5,51,1,0
CUST0000467424,5,36,3,0
CUST0000472833,3,6,1,0
CUST0000491009,4,25,1,0
CUST0000491244,1,18,1,0
CUST0000516705,7,43,1,0
CUST0000535362,15,44,3,0
CUST0000573349,4,19,3,0
CUST0000681735,4,32,1,0
CUST0000701142,3,20,1,0
CUST0000822356,3,33,1,0
CUST0000828036,5,37,2,0
CUST0000925379,1,2,1,0
CUST0000933215,6,19,2,0
CUST0000940633,4,45,2,0
CUST0000987265,4,19,1,0
CUST0000006394,3,13,3,0
CUST0000012357,1,2,1,0
CUST0000029587,11,36,2,0
CUST0000046348,8,36,5,0
CUST0000055064,8,26,3,0
CUST0000069624,13,26,2,0
CUST0000072800,5,45,1,0
CUST0000097252,4,23,1,0
CUST0000147674,5,21,2,0
CUST0000149716,2,28,1,0
CUST0000213878,1,16,1,0
CUST0000231364,3,32,1,0
CUST0000272904,2,4,1,0
CUST0000274070,4,19,1,0
CUST0000282214,1,3,1,1
CUST0000366451,2,7,1,0
CUST0000460983,3,4,1,0
CUST0000490446,2,19,1,0
CUST0000513193,7,24,2,0
CUST0000539281,1,5,1,0
CUST0000590653,5,23,1,0
CUST0000674832,3,5,3,0
CUST0000714089,8,23,3,0
CUST0000730199,1,2,1,0
CUST0000751821,18,84,6,0
CUST0000761005,7,47,2,0
CUST0000766169,7,22,1,0
CUST0000816240,2,13,1,0
CUST0000861358,8,46,1,0
CUST0000861794,1,1,1,0
CUST0000862094,1,19,1,0
CUST0000878929,5,35,1,0
CUST0000890280,1,2,1,0
CUST0000959307,10,19,3,0
CUST0000962041,4,35,2,0
CUST0000974546,2,14,1,0
CUST0000985022,1,4,1,0
CUST0000196452,4,71,1,0
CUST0000250864,15,25,2,0
CUST0000288788,4,30,3,0
CUST0000307007,13,60,4,0
CUST0000324362,4,5,2,0
CUST0000328659,1,3,1,0
CUST0000359521,6,5,1,0
CUST0000504695,3,32,1,0
CUST0000506991,1,6,1,0
CUST0000527105,9,111,4,0
CUST0000545161,4,5,2,0
CUST0000549120,2,3,1,0
CUST0000551973,4,32,2,0
CUST0000569835,3,7,1,0
CUST0000588201,3,18,1,0
CUST0000588614,2,11,1,0
CUST0000644243,1,1,1,0
CUST0000664070,3,13,1,0
CUST0000724998,1,1,1,0
CUST0000731373,1,4,1,0
CUST0000780442,1,12,1,1
CUST0000821622,11,49,1,0
CUST0000834203,4,11,2,0
CUST0000849738,4,28,1,0
CUST0000915470,3,7,2,0
CUST0000020571,2,13,1,0
CUST0000030521,9,30,1,0
CUST0000092460,10,28,2,0
CUST0000099530,6,54,1,0
CUST0000154831,1,1,1,0
CUST0000191190,5,46,1,0
CUST0000193010,6,14,1,0
CUST0000255714,2,9,1,0
CUST0000260697,3,29,3,0
CUST0000265147,3,41,2,0
CUST0000296379,1,4,1,1
CUST0000372036,5,21,2,0
CUST0000414522,3,16,1,0
CUST0000425586,6,32,2,0
CUST0000456967,8,22,4,0
CUST0000527347,4,2,1,0
CUST0000551617,6,16,1,0
CUST0000555393,5,14,1,0
CUST0000556728,2,14,2,0
CUST0000565865,2,9,1,0
CUST0000585013,5,41,2,0
CUST0000628705,5,24,2,0
CUST0000634919,2,27,1,0
CUST0000693928,33,99,6,0
CUST0000699414,2,14,1,0
CUST0000777842,8,55,1,0
CUST0000872480,6,39,2,0
CUST0000900382,3,5,2,0
CUST0000989488,1,2,1,0
CUST0000996270,5,39,1,0
CUST0000023618,9,53,1,0
CUST0000077708,4,15,2,0
CUST0000078429,3,10,3,0
CUST0000088232,8,16,2,0
CUST0000126750,3,32,1,0
CUST0000129677,9,41,1,0
CUST0000278111,5,31,2,0
CUST0000302355,5,21,1,0
CUST0000336297,3,12,2,0
CUST0000349837,6,38,1,0
CUST0000453780,5,19,1,0
CUST0000511388,1,10,1,0
CUST0000605708,2,4,1,0
CUST0000612602,10,50,2,0
CUST0000654951,1,1,1,0
CUST0000743676,2,32,1,0
CUST0000843768,1,4,1,0
CUST0000851905,3,18,3,0
CUST0000863656,2,4,2,0
CUST0000888718,1,2,1,0
CUST0000897490,3,6,2,0
CUST0000901719,5,46,2,0
CUST0000001437,4,10,1,0
CUST0000010921,9,52,2,0
CUST0000029392,4,33,1,0
CUST0000048091,5,20,2,0
CUST0000068170,4,6,2,0
CUST0000075112,5,9,3,0
CUST0000078777,7,47,1,0
CUST0000134957,1,4,1,0
CUST0000166674,3,48,1,0
CUST0000179481,2,17,1,0
CUST0000240228,8,34,2,0
CUST0000242140,4,51,1,0
CUST0000267570,5,22,2,0
CUST0000362641,1,2,1,0
CUST0000407194,1,2,1,0
CUST0000413197,4,43,2,0
CUST0000438192,3,7,2,0
CUST0000441667,2,7,2,0
CUST0000481090,5,9,1,0
CUST0000491740,6,27,2,0
CUST0000509290,27,51,1,0
CUST0000519024,5,42,2,0
CUST0000536304,4,20,3,0
CUST0000547631,6,33,2,0
CUST0000551279,1,1,1,0
CUST0000554451,4,48,1,0
CUST0000579396,4,13,1,0
CUST0000620533,24,112,2,0
CUST0000628773,3,15,2,0
CUST0000633407,1,15,1,0
CUST0000645774,8,15,1,0
CUST0000647016,3,19,2,0
CUST0000655015,2,21,1,0
CUST0000693014,2,7,2,0
CUST0000744624,6,76,2,0
CUST0000821330,4,25,2,0
CUST0000849576,4,39,1,0
CUST0000861816,10,54,2,0
CUST0000873299,1,16,1,0
CUST0000081357,2,5,1,0
CUST0000097732,7,75,2,0
CUST0000144435,6,15,1,0
CUST0000145363,3,25,1,0
CUST0000165485,2,21,1,0
CUST0000193773,8,42,2,0
CUST0000276333,12,36,2,0
CUST0000323706,2,2,1,0
CUST0000329724,3,40,1,0
CUST0000378500,3,23,1,0
CUST0000410228,6,36,1,0
CUST0000484967,2,9,1,0
CUST0000488624,12,60,3,0
CUST0000573047,8,34,1,0
CUST0000654184,5,63,2,0
CUST0000658490,11,26,1,0
CUST0000682462,29,47,2,0
CUST0000689800,20,67,3,0
CUST0000689905,5,51,2,0
CUST0000752500,2,3,1,0
CUST0000787465,5,33,1,0
CUST0000848021,11,39,2,0
CUST0000874677,4,47,1,0
CUST0000882821,2,4,1,0
CUST0000885195,2,8,1,0
CUST0000952310,5,15,1,0
CUST0000055381,3,43,2,0
CUST0000081255,13,48,1,0
CUST0000191983,8,8,1,0
CUST0000225827,17,30,8,0
CUST0000319505,2,6,2,0
CUST0000400134,2,22,1,0
CUST0000456220,22,87,1,0
CUST0000501747,13,40,2,0
CUST0000517596,1,2,1,0
CUST0000531338,2,19,1,0
CUST0000583299,2,3,1,0
CUST0000594479,1,5,1,1
CUST0000594668,7,34,2,0
CUST0000607068,1,1,1,0
CUST0000620035,1,3,1,0
CUST0000671253,10,50,1,0
CUST0000675797,1,2,1,0
CUST0000747752,3,19,2,0
CUST0000764276,8,40,3,0
CUST0000822085,6,39,1,0
CUST0000835559,12,54,2,0
CUST0000836007,2,13,2,0
CUST0000840136,7,18,3,0
CUST0000844759,1,12,1,0
CUST0000860875,2,22,2,0
CUST0000951874,6,33,1,0
CUST0000958935,7,54,2,0
CUST0000971633,7,41,2,0
CUST0000992313,5,47,1,0
CUST0000014840,12,43,1,0
CUST0000148783,16,31,2,0
CUST0000300328,2,4,1,0
CUST0000307693,8,72,2,0
CUST0000357109,1,1,1,0
CUST0000357913,3,16,2,0
CUST0000407532,4,27,2,0
CUST0000419849,4,10,1,0
CUST0000423539,7,21,3,0
CUST0000524835,2,14,1,0
CUST0000614175,2,9,2,0
CUST0000635526,4,21,2,0
CUST0000701603,6,40,2,0
CUST0000706178,1,4,1,0
CUST0000803113,6,9,2,0
CUST0000978795,3,13,2,0
CUST0000995062,3,14,1,0
CUST0000997386,2,4,2,0
CUST0000997464,2,20,1,0
CUST0000023406,1,12,1,0
CUST0000054756,13,17,4,0
CUST0000075376,6,80,1,0
CUST0000092176,19,48,2,0
CUST0000103653,2,46,2,0
CUST0000253102,4,13,2,0
CUST0000306198,6,26,1,0
CUST0000331413,10,65,1,0
CUST0000338613,2,27,1,0
CUST0000402237,6,72,2,0
CUST0000434868,4,30,2,0
CUST0000487663,7,23,3,0
CUST0000526081,4,20,1,0
CUST0000566711,10,34,2,0
CUST0000623801,5,10,4,0
CUST0000672263,1,2,1,0
CUST0000717077,5,23,2,0
CUST0000738098,3,37,1,0
CUST0000780835,8,28,2,0
CUST0000829333,4,11,1,0
CUST0000840518,2,17,2,0
CUST0000862670,7,10,2,0
CUST0000975272,16,39,3,0
CUST0000005053,6,30,1,0
CUST0000040819,10,67,2,0
CUST0000049424,1,2,1,0
CUST0000068730,4,52,2,0
CUST0000077294,2,3,1,0
CUST0000183348,2,42,1,0
CUST0000335632,2,8,1,0
CUST0000346656,3,14,1,0
CUST0000376193,5,42,2,0
CUST0000411364,5,23,1,0
CUST0000458243,1,47,1,0
CUST0000485086,2,14,1,0
CUST0000544964,3,9,1,0
CUST0000564620,9,16,2,0
CUST0000583570,8,14,1,0
CUST0000607766,7,53,3,0
CUST0000622126,15,61,1,0
CUST0000664935,1,30,1,0
CUST0000697836,11,35,4,0
CUST0000746234,2,4,2,0
CUST0000780958,1,4,1,0
CUST0000808639,5,47,3,0
CUST0000810116,1,2,1,0
CUST0000851830,3,9,3,0
CUST0000914396,7,24,2,0
CUST0000949264,7,23,1,0
CUST0000967987,5,6,2,0
CUST0000003190,5,33,1,0
CUST0000016305,1,8,1,0
CUST0000028109,5,29,2,0
CUST0000062236,1,1,1,0
CUST0000078020,12,8,1,0
CUST0000151112,1,2,1,1
CUST0000174543,1,11,1,0
CUST0000184426,7,9,4,0
CUST0000248944,3,26,1,0
CUST0000257769,3,7,1,0
CUST0000288662,4,20,1,0
CUST0000355235,3,8,2,0
CUST0000376140,7,86,1,0
CUST0000377358,7,38,1,0
CUST0000397266,13,48,3,0
CUST0000425801,4,40,1,0
CUST0000426107,5,35,1,0
CUST0000543726,3,24,2,0
CUST0000561506,4,24,2,0
CUST0000571394,2,5,1,0
CUST0000574199,2,23,2,0
CUST0000580148,1,1,1,0
CUST0000586117,1,5,1,0
CUST0000625484,1,2,1,0
CUST0000629332,6,20,2,0
CUST0000642434,4,19,3,0
CUST0000643225,12,89,3,0
CUST0000672316,1,3,1,0
CUST0000673066,2,30,1,0
CUST0000817082,7,78,3,0
CUST0000865565,4,7,1,0
CUST0000867599,7,23,2,0
CUST0000932531,3,4,2,0
CUST0000969123,7,8,4,0
CUST0000987769,1,1,1,0
CUST0000061162,1,7,1,0
CUST0000076243,7,74,1,0
CUST0000104035,6,36,1,0
CUST0000125124,16,26,4,0
CUST0000186477,1,12,1,0
CUST0000232167,3,12,1,0
CUST0000415655,5,13,1,0
CUST0000454985,1,10,1,1
CUST0000555011,14,16,3,0
CUST0000610595,10,27,2,0
CUST0000638436,8,61,5,0
CUST0000639926,1,3,1,0
CUST0000685886,10,48,3,0
CUST0000816644,3,14,1,0
CUST0000861189,5,72,2,0
CUST0000905114,11,62,1,0
CUST0000918984,8,38,2,0
CUST0000974519,1,6,1,0
CUST0000002678,4,5,2,0
CUST0000032813,11,25,2,0
CUST0000048320,3,8,1,0
CUST0000059001,5,40,2,0
CUST0000085396,3,57,1,0
CUST0000218633,10,24,2,0
CUST0000242508,6,51,2,0
CUST0000322579,1,6,1,1
CUST0000326043,7,31,2,0
CUST0000326951,8,52,2,0
CUST0000390823,7,31,1,0
CUST0000465054,10,47,3,0
CUST0000557102,5,36,1,0
CUST0000627983,5,12,3,0
CUST0000641510,1,16,1,0
CUST0000670118,2,8,1,0
CUST0000670504,8,29,1,0
CUST0000729397,3,18,1,0
CUST0000782631,7,49,1,0
CUST0000783946,2,5,2,0
CUST0000813604,7,45,1,0
CUST0000843130,5,27,3,0
CUST0000887296,9,37,2,0
CUST0000137569,3,16,1,0
CUST0000195041,1,14,1,0
CUST0000198651,3,4,2,1
CUST0000233205,6,19,1,0
CUST0000261261,1,1,1,0
CUST0000326328,1,2,1,0
CUST0000329284,2,3,2,0
CUST0000337081,3,3,2,0
CUST0000423572,5,9,2,0
CUST0000468430,5,15,1,0
CUST0000470325,1,1,1,0
CUST0000514601,2,7,1,0
CUST0000520456,6,37,2,0
CUST0000622531,5,28,1,0
CUST0000651171,2,2,1,0
CUST0000652173,4,39,2,0
CUST0000682212,3,41,2,0
CUST0000717337,12,55,3,0
CUST0000838258,4,13,1,0
CUST0000864065,3,18,1,0
CUST0000927569,12,29,1,0
CUST0000994273,3,9,1,0
CUST0000013075,6,55,2,0
CUST0000037150,5,17,3,0
CUST0000041315,1,5,1,0
CUST0000076078,4,9,1,0
CUST0000187585,8,16,2,0
CUST0000215116,9,32,3,0
CUST0000239683,5,17,1,0
CUST0000256112,8,14,2,0
CUST0000347309,6,28,1,0
CUST0000411707,6,76,1,0
CUST0000422914,13,62,1,0
CUST0000431015,6,33,3,0
CUST0000452948,1,12,1,0
CUST0000473868,24,48,4,0
CUST0000531481,8,58,1,0
CUST0000535926,1,12,1,0
CUST0000658589,5,17,1,0
CUST0000690291,2,10,1,0
CUST0000696947,3,12,2,0
CUST0000721845,2,3,2,0
CUST0000725725,3,5,1,0
CUST0000770451,1,6,1,0
CUST0000771531,1,3,1,0
CUST0000794432,1,5,1,0
CUST0000956261,5,23,2,0
CUST0000997627,6,56,2,0
CUST0000003347,6,56,1,0
CUST0000140438,9,48,1,0
CUST0000151825,17,28,1,0
CUST0000169257,7,21,1,0
CUST0000251322,3,11,1,0
CUST0000305103,8,47,2,0
CUST0000326092,3,19,1,0
CUST0000360289,4,86,1,0
CUST0000431167,1,4,1,0
CUST0000462108,2,2,1,0
CUST0000528480,5,6,1,0
CUST0000530875,4,31,1,0
CUST0000535622,3,13,2,0
CUST0000536902,10,43,2,0
CUST0000542234,2,5,1,0
CUST0000579835,2,37,1,0
CUST0000595430,5,24,2,0
CUST0000609675,17,33,1,0
CUST0000613769,10,22,2,0
CUST0000634671,13,33,3,0
CUST0000670207,16,49,1,0
CUST0000690481,2,4,1,0
CUST0000715676,5,37,4,0
CUST0000725068,2,12,1,0
CUST0000726295,13,19,1,0
CUST0000763704,1,7,1,1
CUST0000827586,1,13,1,0
CUST0000855054,15,63,2,0
CUST0000855240,4,47,1,0
CUST0000872900,4,9,1,0
CUST0000896986,4,43,3,0
CUST0000897025,2,44,1,0
CUST0000902878,1,2,1,0
CUST0000912914,1,11,1,0
CUST0000959332,6,40,1,0
CUST0000971718,1,14,1,0
CUST0000977193,11,19,4,0
CUST0000001148,1,4,1,0
CUST0000048286,3,27,2,0
CUST0000104986,4,19,1,0
CUST0000143009,10,29,2,0
CUST0000171760,2,3,1,0
CUST0000173929,21,50,1,0
CUST0000178603,2,4,1,0
CUST0000194392,7,39,1,0
CUST0000256243,6,15,4,0
CUST0000256837,1,4,1,0
CUST0000359417,8,55,5,0
CUST0000439615,14,68,1,0
CUST0000452777,1,3,1,1
CUST0000553751,1,6,1,0
CUST0000558202,18,70,2,0
CUST0000598026,1,4,1,0
CUST0000643410,1,17,1,0
CUST0000676746,4,21,1,0
CUST0000765586,4,18,1,0
CUST0000795313,2,4,1,0
CUST0000805651,4,45,3,0
CUST0000878470,3,23,2,0
CUST0000992117,1,1,1,1
CUST0000029729,2,12,1,0
CUST0000077998,1,4,1,0
CUST0000091671,2,5,1,0
CUST0000096525,2,6,1,0
CUST0000137504,3,25,1,0
CUST0000167183,5,11,1,0
CUST0000182139,1,5,1,0
CUST0000197152,3,37,1,0
CUST0000258532,10,53,3,0
CUST0000384431,2,29,1,0
CUST0000454947,16,64,1,0
CUST0000529305,2,14,1,0
CUST0000532004,2,3,1,0
CUST0000535175,3,25,1,0
CUST0000566123,1,11,1,0
CUST0000627626,10,61,3,0
CUST0000668209,3,16,1,0
CUST0000672261,4,11,1,0
CUST0000692661,3,12,2,0
CUST0000724406,3,6,1,0
CUST0000866601,2,8,1,0
CUST0000884475,6,84,1,0
CUST0000892068,1,19,1,0
CUST0000920214,5,34,1,0
CUST0000962125,1,1,1,0
CUST0000981826,31,26,2,0
CUST0000041792,14,79,1,0
CUST0000057790,1,1,1,1
CUST0000143770,6,54,2,0
CUST0000149006,2,2,1,0
CUST0000158544,3,12,1,0
CUST0000159682,7,47,1,0
CUST0000228962,4,66,1,0
CUST0000261381,2,18,1,0
CUST0000273592,18,35,1,0
CUST0000299856,4,20,1,0
CUST0000357661,1,3,1,1
CUST0000405265,4,32,1,0
CUST0000407343,2,13,1,0
CUST0000438736,9,74,1,0
CUST0000459055,15,41,1,0
CUST0000473207,1,2,1,0
CUST0000481442,1,14,1,0
CUST0000542772,2,8,1,0
CUST0000584930,11,29,1,0
CUST0000610382,1,2,1,0
CUST0000618985,5,19,2,0
CUST0000667692,2,13,1,0
CUST0000698770,2,7,2,0
CUST0000880352,1,8,1,0
CUST0000895836,5,89,1,0
CUST0000913077,4,9,3,0
CUST0000923551,17,74,3,0
CUST0000971929,3,30,1,0
CUST0000012470,5,39,3,0
CUST0000018190,7,26,3,0
CUST0000037746,14,34,5,0
CUST0000041142,4,28,1,0
CUST0000056533,3,7,2,0
CUST0000093607,3,9,1,0
CUST0000156179,3,10,2,0
CUST0000165033,1,1,1,0
CUST0000180588,1,1,1,0
CUST0000191960,4,28,2,0
CUST0000196444,11,91,6,0
CUST0000219524,6,32,2,0
CUST0000229532,3,11,1,0
CUST0000313011,5,59,1,0
CUST0000341255,8,37,1,0
CUST0000373737,2,12,1,0
CUST0000378735,4,24,1,0
CUST0000388176,25,63,1,0
CUST0000404216,7,21,2,0
CUST0000407072,7,26,4,0
CUST0000480003,13,41,2,0
CUST0000484388,1,5,1,0
CUST0000491694,17,43,5,0
CUST0000536421,3,21,2,0
CUST0000547003,5,15,1,0
CUST0000560001,2,7,1,0
CUST0000571445,11,33,4,0
CUST0000582960,1,26,1,1
CUST0000670676,5,56,1,0
CUST0000721354,4,23,2,0
CUST0000737314,1,3,1,1
CUST0000744050,5,40,1,0
CUST0000745995,2,4,1,0
CUST0000778224,4,4,2,0
CUST0000795550,6,17,3,0
CUST0000834937,2,5,1,0
CUST0000835716,11,23,1,0
CUST0000843662,6,58,1,0
CUST0000915126,7,12,3,0
CUST0000930705,3,26,1,0
CUST0000980418,9,52,1,0
CUST0000991565,4,4,1,0
CUST0000047027,6,30,1,0
CUST0000100865,3,6,2,0
CUST0000166560,1,2,1,1
CUST0000287937,9,50,2,0
CUST0000309109,1,1,1,0
CUST0000348467,2,7,1,0
CUST0000399733,13,46,3,0
CUST0000426328,1,6,1,0
CUST0000569214,4,13,2,0
CUST0000649759,4,20,1,0
CUST0000709486,2,5,2,0
CUST0000721005,2,6,2,0
CUST0000732836,13,17,6,0
CUST0000741765,6,31,2,0
CUST0000815801,1,4,1,0
CUST0000947514,2,16,1,0
CUST0000957318,10,57,1,0
CUST0000973965,5,11,3,0
CUST0000074601,1,22,1,0
CUST0000103784,2,32,2,0
CUST0000152233,7,44,3,0
CUST0000166295,9,70,3,0
CUST0000167586,2,33,1,0
CUST0000177901,1,5,1,0
CUST0000285276,1,2,1,0
CUST0000345364,10,35,1,0
CUST0000433392,8,13,5,0
CUST0000505515,4,20,2,0
CUST0000587584,14,45,2,0
CUST0000595380,8,63,1,0
CUST0000624842,3,6,1,0
CUST0000656319,2,20,1,0
CUST0000744653,1,2,1,0
CUST0000760393,8,111,2,0
CUST0000783073,7,7,1,0
CUST0000811661,16,58,2,0
CUST0000816072,6,45,2,0
CUST0000837409,7,61,1,0
CUST0000856398,6,22,1,0
CUST0000867461,3,17,2,0
CUST0000869536,1,5,1,0
CUST0000905609,13,45,6,0
CUST0000966156,8,41,4,0
CUST0000979780,5,69,1,0
CUST0000015843,3,11,1,0
CUST0000025292,2,3,2,0
CUST0000052765,4,29,2,0
CUST0000132235,26,75,3,0
CUST0000162434,4,14,2,0
CUST0000168651,1,2,1,0
CUST0000199914,4,54,2,0
CUST0000287617,6,13,1,0
CUST0000287772,3,24,2,0
CUST0000293597,9,39,1,0
CUST0000294638,5,44,3,0
CUST0000359265,2,18,1,0
CUST0000541290,1,4,1,0
CUST0000580999,10,39,3,0
CUST0000609232,12,63,2,0
CUST0000631856,3,37,2,0
CUST0000655620,19,54,1,0
CUST0000683624,13,26,1,0
CUST0000733828,3,10,2,0
CUST0000760436,1,2,1,0
CUST0000772370,1,7,1,0
CUST0000785611,3,5,2,0
CUST0000796072,2,9,1,0
CUST0000861555,6,13,4,0
CUST0000887225,1,13,1,0
CUST0000895972,6,32,2,0
CUST0000898601,3,20,2,0
CUST0000924929,4,16,1,0
CUST0000950666,11,42,2,0
CUST0000954371,17,35,1,0
CUST0000005739,2,3,2,0
CUST0000096331,1,4,1,0
CUST0000100897,14,38,3,0
CUST0000158972,1,3,1,0
CUST0000183093,2,11,2,0
CUST0000200917,8,14,2,0
CUST0000204018,38,33,2,0
CUST0000207778,12,47,1,0
CUST0000267204,1,29,1,0
CUST0000338923,3,38,1,0
CUST0000358608,1,6,1,0
CUST0000370974,6,35,2,0
CUST0000384711,12,23,1,0
CUST0000398776,1,1,1,0
CUST0000479155,7,20,1,0
CUST0000495556,4,25,1,0
CUST0000507089,3,16,2,0
CUST0000524542,1,12,1,0
CUST0000555929,1,4,1,0
CUST0000603688,14,38,1,0
CUST0000616650,6,42,1,0
CUST0000621860,4,31,1,0
CUST0000636231,1,9,1,0
CUST0000647649,2,20,1,0
CUST0000648398,6,66,2,0
CUST0000650230,3,7,2,0
CUST0000661598,3,16,1,0
CUST0000666276,10,86,1,0
CUST0000703444,11,26,5,0
CUST0000870644,8,63,2,0
CUST0000885800,5,21,1,0
CUST0000941217,1,2,1,0
CUST0000971158,1,2,1,0
CUST0000978270,1,12,1,0
CUST0000003447,9,60,1,0
CUST0000070986,2,3,1,0
CUST0000163355,5,17,1,0
CUST0000186979,3,18,1,0
CUST0000206868,12,123,2,0
CUST0000212016,2,35,2,0
CUST0000242953,4,46,2,0
CUST0000249946,5,25,2,0
CUST0000301823,2,5,1,0
CUST0000314165,5,18,1,0
CUST0000361169,5,26,1,0
CUST0000366900,2,4,2,1
CUST0000370276,8,48,2,0
CUST0000474951,4,34,2,0
CUST0000476611,7,10,3,0
CUST0000505045,1,11,1,1
CUST0000780652,8,45,2,0
CUST0000801895,4,11,2,0
CUST0000832979,14,27,1,0
CUST0000853046,2,17,1,0
CUST0000857815,2,3,1,0
CUST0000883034,3,18,2,0
CUST0000885214,4,13,2,0
CUST0000902161,7,21,2,0
CUST0000918050,2,16,1,0
CUST0000969237,3,35,3,0
CUST0000019629,10,65,4,0
CUST0000084985,6,8,2,0
CUST0000107768,16,47,4,0
CUST0000130724,1,9,1,0
CUST0000229149,4,42,2,0
CUST0000240308,4,57,3,0
CUST0000268961,2,25,1,0
CUST0000291884,3,8,2,0
CUST0000293131,4,27,1,0
CUST0000313963,14,50,3,0
CUST0000337031,7,46,2,0
CUST0000345373,5,8,2,0
CUST0000366661,3,29,2,0
CUST0000386369,3,8,1,0
CUST0000397207,8,50,2,0
CUST0000402467,7,49,2,0
CUST0000403048,10,13,2,0
CUST0000509394,3,6,1,0
CUST0000528616,8,58,2,0
CUST0000534608,1,6,1,0
CUST0000541662,4,5,3,0
CUST0000569377,5,56,3,0
CUST0000680311,7,36,3,0
CUST0000725480,2,6,1,0
CUST0000763129,1,4,1,0
CUST0000776056,3,50,1,0
CUST0000784298,4,15,2,0
CUST0000787270,1,3,1,1
CUST0000836503,4,17,1,0
CUST0000868727,3,10,1,0
CUST0000901390,9,41,2,0
CUST0000004457,5,38,3,0
CUST0000022234,13,18,4,0
CUST0000085249,2,14,1,0
CUST0000106420,1,2,1,0
CUST0000111779,1,9,1,0
CUST0000125091,1,5,1,0
CUST0000143092,1,2,1,0
CUST0000159862,6,35,2,0
CUST0000180434,5,27,1,0
CUST0000197720,3,19,2,1
CUST0000227166,1,2,1,0
CUST0000276604,8,44,2,0
CUST0000315693,6,20,2,0
CUST0000349056,2,2,1,0
CUST0000411204,8,42,1,0
CUST0000449125,13,69,4,0
CUST0000456145,2,14,1,0
CUST0000587521,18,42,1,0
CUST0000588827,3,13,1,0
CUST0000684800,10,43,2,0
CUST0000775922,8,30,2,0
CUST0000812101,8,21,1,0
CUST0000812379,5,24,1,0
CUST0000864359,1,10,1,0
CUST0000875803,3,5,1,0
CUST0000890414,4,25,2,0
CUST0000903399,3,16,1,0
CUST0000931849,3,9,2,0
CUST0000969621,4,14,1,0
CUST0000975940,23,72,2,0
CUST0000001392,4,34,1,0
CUST0000015976,1,4,1,0
CUST0000020029,7,30,2,0
CUST0000040270,1,1,1,0
CUST0000054749,4,9,2,0
CUST0000086516,2,39,1,0
CUST0000125421,11,51,2,0
CUST0000159899,3,5,1,0
CUST0000255387,3,16,2,0
CUST0000263844,5,43,2,0
CUST0000270628,4,40,1,0
CUST0000306580,6,41,2,0
CUST0000465685,3,39,1,0
CUST0000474124,1,21,1,0
CUST0000503278,12,22,2,0
CUST0000521438,2,3,1,0
CUST0000648182,4,29,1,0
CUST0000677532,1,6,1,0
CUST0000766193,4,16,1,0
CUST0000829489,4,64,1,0
CUST0000854324,1,9,1,0
CUST0000861456,8,53,2,0
CUST0000867394,7,18,1,0
CUST0000946591,16,98,1,0
CUST0000955744,6,23,2,0
CUST0000970138,2,45,2,0
CUST0000031428,10,88,4,0
CUST0000056276,4,49,2,0
CUST0000073199,24,40,2,0
CUST0000091896,10,53,2,0
CUST0000101162,3,24,1,0
CUST0000165473,2,4,2,0
CUST0000196121,1,9,1,0
CUST0000299174,9,43,1,0
CUST0000310786,5,39,2,0
CUST0000316653,4,18,3,0
CUST0000326357,4,33,2,0
CUST0000339117,3,7,3,0
CUST0000370351,3,24,1,0
CUST0000398367,7,37,5,0
CUST0000400898,6,37,2,0
CUST0000454041,7,22,1,0
CUST0000523118,7,33,1,0
CUST0000554969,3,15,2,0
CUST0000556584,2,21,1,0
CUST0000613502,9,76,2,0
CUST0000631020,2,8,1,0
CUST0000634199,3,9,1,0
CUST0000636345,14,66,4,0
CUST0000689627,2,3,1,0
CUST0000695341,1,3,1,0
CUST0000803106,3,27,1,0
CUST0000808041,1,2,1,0
CUST0000834066,6,63,2,0
CUST0000874583,16,50,2,0
CUST0000912429,2,24,1,0
CUST0000915222,4,33,1,0
CUST0000922878,4,50,1,0
CUST0000927074,8,12,1,0
CUST0000991337,1,8,1,0
CUST0000047548,6,45,1,0
CUST0000049880,7,52,2,0
CUST0000105586,8,28,3,0
CUST0000115101,10,23,2,0
CUST0000122425,1,8,1,0
CUST0000127124,4,25,1,0
CUST0000206721,5,36,2,0
CUST0000224145,5,27,1,0
CUST0000370059,10,79,3,0
CUST0000375074,2,3,2,0
CUST0000385508,6,18,3,0
CUST0000490625,12,31,2,0
CUST0000497338,5,17,1,0
CUST0000501369,5,11,2,0
CUST0000611134,13,54,2,0
CUST0000647281,2,1,1,0
CUST0000707560,2,7,2,0
CUST0000728097,3,12,1,0
CUST0000796363,6,46,3,0
CUST0000809886,1,6,1,0
CUST0000882756,4,52,1,0
CUST0000953479,2,4,1,0
CUST0000967041,5,8,1,0
CUST0000990044,4,17,1,0
CUST0000038162,4,7,1,0
CUST0000062946,7,67,2,0
CUST0000088955,12,37,4,0
CUST0000124113,2,5,2,0
CUST0000314465,2,9,1,0
CUST0000364039,1,29,1,0
CUST0000367221,4,18,4,0
CUST0000369937,2,8,2,0
CUST0000400678,3,26,2,0
CUST0000426571,3,5,1,0
CUST0000450574,1,6,1,0
CUST0000458484,7,11,3,0
CUST0000550640,10,32,4,0
CUST0000585874,17,89,1,0
CUST0000588300,5,38,1,0
CUST0000624683,1,21,1,0
CUST0000644632,9,40,1,0
CUST0000659646,2,21,2,0
CUST0000711788,2,7,1,0
CUST0000744571,13,76,4,0
CUST0000767244,1,2,1,0
CUST0000777126,5,11,2,0
CUST0000838231,1,1,1,0
CUST0000843286,2,16,1,0
CUST0000885962,2,4,1,0
CUST0000924904,1,20,1,0
CUST0000950289,7,64,2,0
CUST0000957143,1,4,1,0
CUST0000963716,2,3,2,0
CUST0000980779,1,3,1,0
CUST0000099557,6,34,1,0
CUST0000196773,16,44,1,0
CUST0000329564,2,3,1,0
CUST0000333370,1,4,1,0
CUST0000406979,2,5,1,0
CUST0000453681,8,44,1,0
CUST0000504392,3,3,1,0
CUST0000531824,3,7,2,0
CUST0000538692,5,5,1,0
CUST0000603604,3,30,2,0
CUST0000609421,4,37,3,0
CUST0000622978,1,8,1,1
CUST0000668892,2,10,2,0
CUST0000671743,1,2,1,0
CUST0000677070,10,48,2,0
CUST0000687717,2,11,1,0
CUST0000692088,1,1,1,0
CUST0000708714,4,30,2,0
CUST0000724190,2,5,1,0
CUST0000767888,9,52,1,0
CUST0000784006,4,14,2,0
CUST0000794394,5,8,2,0
CUST0000820324,5,11,1,0
CUST0000826107,2,15,2,0
CUST0000864535,30,53,1,0
CUST0000958177,1,1,1,0
CUST0000988538,1,4,1,0
CUST0000999385,9,42,3,0
CUST0000000013,1,3,1,1
CUST0000027188,6,20,1,0
CUST0000039473,13,14,2,0
CUST0000051933,3,7,1,0
CUST0000057033,8,18,3,0
CUST0000114208,2,12,2,0
CUST0000132213,3,13,2,0
CUST0000199032,4,10,2,0
CUST0000215689,5,38,1,0
CUST0000266020,2,11,2,0
CUST0000273521,2,26,1,1
CUST0000322541,9,33,1,0
CUST0000367454,8,20,2,0
CUST0000411122,3,7,2,0
CUST0000423458,1,3,1,0
CUST0000425755,12,49,1,0
CUST0000471643,18,99,2,0
CUST0000529313,2,7,1,0
CUST0000545486,2,10,1,1
CUST0000573324,1,13,1,0
CUST0000595675,22,33,3,0
CUST0000601659,5,16,1,0
CUST0000606400,6,16,1,0
CUST0000655517,4,14,1,0
CUST0000703687,3,19,2,0
CUST0000706915,11,21,1,0
CUST0000727862,1,6,1,0
CUST0000759545,1,3,1,0
CUST0000765723,26,60,1,0
CUST0000780880,1,1,1,0
CUST0000785295,1,6,1,0
CUST0000807441,13,31,1,0
CUST0000818250,4,17,2,0
CUST0000863879,8,19,3,0
CUST0000932152,9,76,2,0
CUST0000965765,4,37,1,0
CUST0000011873,7,34,1,0
CUST0000025657,6,13,1,0
CUST0000090508,8,49,1,0
CUST0000154122,6,50,2,0
CUST0000166122,1,12,1,0
CUST0000187885,5,18,2,0
CUST0000258658,5,7,1,0
CUST0000309104,2,11,1,0
CUST0000386495,5,50,2,0
CUST0000427023,3,21,1,0
CUST0000467422,5,5,2,0
CUST0000470078,1,1,1,0
CUST0000530129,5,16,3,0
CUST0000534323,2,8,2,0
CUST0000758911,11,38,3,0
CUST0000761326,3,43,1,0
CUST0000763358,6,16,2,0
CUST0000772274,3,4,1,0
CUST0000781005,8,52,1,0
CUST0000805533,2,2,1,0
CUST0000824333,2,2,1,0
CUST0000833853,6,21,2,0
CUST0000873338,8,32,1,0
CUST0000917476,1,12,1,0
CUST0000918059,3,6,3,0
CUST0000920466,3,43,2,0
CUST0000941865,9,65,1,0
CUST0000061695,4,12,1,0
CUST0000084849,5,37,2,0
CUST0000087799,5,15,1,0
CUST0000110607,3,5,2,0
CUST0000127498,7,18,1,0
CUST0000162349,5,48,1,0
CUST0000240651,2,14,2,0
CUST0000263870,4,23,2,0
CUST0000268207,3,24,2,0
CUST0000327790,1,5,1,0
CUST0000344976,7,36,1,0
CUST0000353938,3,12,1,0
CUST0000359197,1,1,1,0
CUST0000359752,11,15,1,0
CUST0000359971,28,53,1,0
CUST0000362601,6,42,1,0
CUST0000483138,4,54,1,0
CUST0000494424,5,28,2,0
CUST0000505126,3,57,2,0
CUST0000529423,13,60,1,0
CUST0000589724,1,6,1,0
CUST0000604610,4,40,2,0
CUST0000659351,1,9,1,0
CUST0000734039,1,11,1,0
CUST0000760686,1,1,1,1
CUST0000785984,1,1,1,1
CUST0000814766,5,25,1,0
CUST0000858529,1,2,1,0
CUST0000894701,4,58,1,0
CUST0000956550,2,17,1,0
CUST0000967657,3,67,2,0
CUST0000993466,1,7,1,1
CUST0000040366,19,28,1,0
CUST0000081326,11,32,2,0
CUST0000115629,4,51,2,0
CUST0000142047,3,24,2,0
CUST0000222195,1,10,1,1
CUST0000261775,8,48,1,0
CUST0000273930,6,19,2,0
CUST0000335650,10,44,4,0
CUST0000364760,2,20,1,0
CUST0000396498,1,15,1,0
CUST0000416207,5,53,3,0
CUST0000487479,16,32,5,0
CUST0000514177,16,70,1,0
CUST0000519097,4,20,1,0
CUST0000534958,3,38,2,0
CUST0000545821,2,55,1,0
CUST0000576210,5,38,1,0
CUST0000591919,4,13,1,0
CUST0000620656,7,21,2,0
CUST0000643072,3,24,1,0
CUST0000665019,7,35,2,0
CUST0000720348,5,13,2,0
CUST0000762907,1,1,1,0
CUST0000779956,7,64,3,0
CUST0000793465,3,13,2,0
CUST0000890637,1,21,1,0
CUST0000917454,3,8,1,0
CUST0000055829,7,72,2,0
CUST0000079207,2,5,1,0
CUST0000105720,13,11,1,0
CUST0000131635,5,27,1,0
CUST0000146770,4,37,1,0
CUST0000206190,2,40,1,0
CUST0000291957,6,55,1,0
CUST0000301347,6,41,1,0
CUST0000324002,6,16,2,0
CUST0000332648,4,34,2,0
CUST0000351733,1,7,1,0
CUST0000394930,3,7,2,0
CUST0000415029,3,27,1,0
CUST0000582565,5,6,3,0
CUST0000609569,3,21,1,0
CUST0000665542,14,32,1,1
CUST0000693465,1,31,1,0
CUST0000703243,2,7,1,0
CUST0000733822,4,24,1,0
CUST0000747426,2,16,2,0
CUST0000789574,11,65,4,0
CUST0000822468,2,14,1,0
CUST0000840438,2,7,1,0
CUST0000869882,1,2,1,0
CUST0000896618,10,66,2,0
CUST0000004825,7,23,1,0
CUST0000011647,4,18,2,0
CUST0000142262,1,1,1,0
CUST0000154091,10,78,3,0
CUST0000256124,1,2,1,0
CUST0000267507,4,26,2,0
CUST0000283274,2,29,1,0
CUST0000287867,5,28,2,0
CUST0000310512,5,8,1,0
CUST0000341445,3,26,1,0
CUST0000422099,3,17,1,0
CUST0000463400,1,1,1,0
CUST0000528846,5,43,1,0
CUST0000544452,4,4,2,0
CUST0000549826,3,11,1,0
CUST0000554342,1,7,1,1
CUST0000567102,8,35,2,0
CUST0000595140,4,16,2,0
CUST0000598011,7,51,1,0
CUST0000635024,4,8,1,0
CUST0000656457,1,15,1,0
CUST0000664767,2,3,2,0
CUST0000680983,4,22,1,0
CUST0000723580,15,55,2,0
CUST0000737373,16,53,2,0
CUST0000830424,2,21,1,0
CUST0000878913,4,26,2,0
CUST0000882989,10,40,3,0
CUST0000969050,4,19,2,0
CUST0000010712,1,4,1,0
CUST0000055988,1,5,1,1
CUST0000170672,2,11,1,0
CUST0000178690,5,10,2,0
CUST0000245024,5,17,1,0
CUST0000291861,2,25,1,0
CUST0000607616,3,8,1,0
CUST0000676167,20,43,1,0
CUST0000712188,10,63,1,0
CUST0000726888,2,21,2,0
CUST0000844115,4,27,1,0
CUST0000905666,2,14,2,0
CUST0000947049,1,16,1,0
CUST0000947188,1,1,1,0
CUST0000975676,1,2,1,0
CUST0000039828,8,26,1,0
CUST0000132577,5,66,1,0
CUST0000155214,9,59,2,0
CUST0000199324,1,4,1,0
CUST0000253580,6,26,2,0
CUST0000302781,8,9,1,0
CUST0000310334,14,42,2,0
CUST0000321957,3,40,1,0
CUST0000322183,3,42,1,0
CUST0000402511,6,50,2,0
CUST0000420781,4,22,1,0
CUST0000467493,3,29,2,0
CUST0000469479,1,1,1,0
CUST0000520823,2,14,2,0
CUST0000562569,7,8,1,0
CUST0000586590,2,5,1,0
CUST0000589596,4,15,1,0
CUST0000597770,7,85,2,0
CUST0000603536,4,11,2,0
CUST0000651826,4,7,1,0
CUST0000656130,3,46,1,0
CUST0000665049,2,10,2,0
CUST0000737688,3,25,1,0
CUST0000746502,16,29,3,0
CUST0000759949,2,7,1,0
CUST0000904125,13,31,2,0
CUST0000005388,4,5,1,0
CUST0000026547,4,5,2,0
CUST0000074341,1,5,1,0
CUST0000087850,4,69,1,0
CUST0000120903,1,2,1,1
CUST0000212431,2,10,1,0
CUST0000224335,12,20,1,0
CUST0000252562,1,17,1,1
CUST0000259129,4,14,1,0
CUST0000266580,9,20,1,0
CUST0000289401,3,8,2,0
CUST0000292042,1,1,1,0
CUST0000342959,8,70,2,0
CUST0000397540,4,20,2,0
CUST0000440798,4,20,3,0
CUST0000480643,29,41,2,0
CUST0000484065,1,11,1,0
CUST0000520652,4,30,2,0
CUST0000527535,4,9,2,0
CUST0000573884,5,24,1,0
CUST0000631445,1,17,1,0
CUST0000686158,9,29,4,0
CUST0000689293,4,32,2,0
CUST0000741143,4,51,1,0
CUST0000839736,9,30,2,0
CUST0000841039,2,23,2,0
CUST0000871850,1,3,1,0
CUST0000892890,6,17,1,0
CUST0000894955,5,13,3,0
CUST0000903739,18,52,1,0
CUST0000911564,9,48,3,0
CUST0000958098,15,63,3,0
CUST0000963329,4,19,1,0
CUST0000109625,1,29,1,0
CUST0000144313,3,10,2,0
CUST0000169890,4,16,2,0
CUST0000182582,24,44,3,0
CUST0000215521,3,27,2,0
CUST0000220595,1,7,1,0
CUST0000225324,11,10,1,0
CUST0000229424,1,1,1,0
CUST0000243024,7,41,1,0
CUST0000248273,5,7,2,0
CUST0000258097,1,1,1,0
CUST0000309974,4,12,1,0
CUST0000334297,10,33,4,0
CUST0000389267,2,27,1,0
CUST0000439239,6,23,6,0
CUST0000464084,1,2,1,0
CUST0000497929,1,1,1,0
CUST0000544383,9,15,1,0
CUST0000568005,2,3,1,0
CUST0000635153,1,1,1,0
CUST0000673736,1,1,1,0
CUST0000680972,4,41,1,0
CUST0000691264,2,2,2,0
CUST0000769692,2,3,1,0
CUST0000793310,1,7,1,0
CUST0000855770,6,14,1,0
CUST0000901687,3,35,1,0
CUST0000908384,2,14,1,0
CUST0000927524,7,41,3,0
CUST0000993082,4,10,1,0
CUST0000027873,21,54,2,0
CUST0000042310,11,48,6,0
CUST0000133579,1,5,1,0
CUST0000156718,5,15,2,0
CUST0000244127,1,16,1,1
CUST0000342129,12,38,6,0
CUST0000378677,7,14,2,0
CUST0000387914,4,24,2,0
CUST0000439279,1,4,1,0
CUST0000474829,4,7,1,0
CUST0000494488,3,8,1,0
CUST0000530406,15,83,1,0
CUST0000566691,2,15,1,0
CUST0000583303,2,3,1,0
CUST0000593365,5,20,3,0
CUST0000640695,3,12,1,0
CUST0000725670,1,17,1,0
CUST0000746359,24,53,1,0
CUST0000746630,12,63,5,0
CUST0000750072,5,40,2,0
CUST0000820108,3,9,2,0
CUST0000847458,7,54,2,0
CUST0000976529,21,52,2,0
CUST0000989318,3,50,1,0
CUST0000012241,13,30,2,0
CUST0000039589,9,37,1,0
CUST0000046097,2,7,1,0
CUST0000051975,7,40,2,0
CUST0000076787,2,38,1,0
CUST0000084449,12,64,4,0
CUST0000160456,9,41,2,0
CUST0000198121,3,15,2,0
CUST0000206035,6,46,1,0
CUST0000236697,6,51,2,0
CUST0000325091,1,3,1,0
CUST0000332030,1,6,1,0
CUST0000395515,4,9,2,0
CUST0000465173,2,24,1,0
CUST0000526114,4,24,1,0
CUST0000589449,3,38,2,0
CUST0000610428,7,59,1,0
CUST0000613366,2,5,1,0
CUST0000697443,4,27,1,0
CUST0000703822,3,43,2,0
CUST0000727182,4,23,1,0
CUST0000794691,1,2,1,0
CUST0000809605,9,21,1,0
CUST0000856322,6,66,2,0
CUST0000951802,3,36,1,0
CUST0000953363,7,50,3,0
CUST0000959210,12,36,3,0
CUST0000992773,4,10,1,0
CUST0000055931,13,23,1,0
CUST0000137649,2,17,2,0
CUST0000168088,9,38,3,0
CUST0000229599,1,4,1,0
CUST0000265274,10,46,1,0
CUST0000274585,6,21,3,0
CUST0000326875,4,7,1,0
CUST0000373241,5,48,3,0
CUST0000379952,1,17,1,0
CUST0000406914,1,4,1,0
CUST0000465439,4,13,1,0
CUST0000486257,1,11,1,0
CUST0000551656,3,6,1,0
CUST0000562188,2,4,1,0
CUST0000611296,6,19,1,0
CUST0000662876,2,5,1,0
CUST0000699237,1,6,1,1
CUST0000773381,2,5,1,0
CUST0000794762,1,5,1,1
CUST0000830044,2,21,1,0
CUST0000847557,7,57,2,0
CUST0000883283,6,28,1,0
CUST0000892723,6,60,1,0
CUST0000910411,9,19,4,0
CUST0000912092,10,42,1,0
CUST0000022814,3,22,1,0
CUST0000169058,5,92,1,0
CUST0000227053,6,8,1,0
CUST0000307236,3,20,2,0
CUST0000325897,10,64,1,0
CUST0000335542,11,38,2,0
CUST0000347438,3,16,3,0
CUST0000347503,8,35,1,0
CUST0000347842,11,59,2,0
CUST0000358723,1,1,1,0
CUST0000371949,5,15,3,0
CUST0000396231,12,50,3,0
CUST0000406083,6,35,2,0
CUST0000425541,4,14,1,0
CUST0000436351,9,29,4,0
CUST0000437337,7,53,2,0
CUST0000467095,4,11,1,0
CUST0000473962,2,4,2,0
CUST0000558567,1,6,1,1
CUST0000587903,1,16,1,0
CUST0000608620,19,96,2,0
CUST0000633868,6,11,1,0
CUST0000641059,3,27,1,0
CUST0000647000,1,12,1,0
CUST0000670736,1,23,1,0
CUST0000734827,5,18,1,0
CUST0000762485,1,6,1,0
CUST0000775212,9,37,3,0
CUST0000831705,6,18,1,0
CUST0000840789,16,18,2,0
CUST0000848908,2,15,1,0
CUST0000959416,7,25,1,0
CUST0000008910,8,75,1,0
CUST0000067841,2,22,1,0
CUST0000071732,9,70,1,0
CUST0000149614,11,34,3,0
CUST0000205547,1,16,1,0
CUST0000214212,2,4,1,0
CUST0000234511,7,35,2,0
CUST0000238094,3,18,2,0
CUST0000241970,2,3,2,0
CUST0000299182,4,35,1,0
CUST0000303021,3,41,1,0
CUST0000478065,8,59,1,0
CUST0000503973,2,15,2,0
CUST0000555791,1,3,1,0
CUST0000563675,11,20,1,0
CUST0000564400,4,14,1,0
CUST0000672665,4,30,2,0
CUST0000715467,3,18,1,0
CUST0000726362,2,32,1,0
CUST0000777787,1,11,1,1
CUST0000808474,10,28,2,0
CUST0000827750,5,8,1,0
CUST0000926427,4,19,1,0
CUST0000934044,3,23,2,0
CUST0000977162,3,39,3,0
CUST0000998609,1,1,1,0
CUST0000004287,4,10,2,0
CUST0000017545,2,20,2,0
CUST0000048202,3,40,2,0
CUST0000072124,2,7,1,0
CUST0000092201,8,30,2,0
CUST0000092269,14,64,1,0
CUST0000142059,1,12,1,0
CUST0000145809,2,43,2,0
CUST0000157717,3,4,1,0
CUST0000183469,3,5,2,0
CUST0000190174,2,8,1,0
CUST0000203059,8,25,1,0
CUST0000236124,6,66,1,0
CUST0000248193,1,1,1,0
CUST0000255673,1,1,1,0
CUST0000301027,1,21,1,1
CUST0000329411,7,33,2,0
CUST0000395577,2,16,1,0
CUST0000412288,3,16,1,0
CUST0000448187,2,33,1,0
CUST0000461309,7,64,2,0
CUST0000561413,4,24,1,0
CUST0000615829,15,30,2,0
CUST0000696106,2,14,2,0
CUST0000807896,3,21,2,0
CUST0000824641,3,51,1,0
CUST0000832283,10,48,2,0
CUST0000837146,19,40,4,0
CUST0000846938,8,32,2,0
CUST0000848123,4,14,2,0
CUST0000981542,2,5,1,0
CUST0000992596,3,19,1,0
CUST0000050331,3,13,1,0
CUST0000126668,3,6,1,0
CUST0000141657,10,24,1,0
CUST0000150282,2,14,1,0
CUST0000162773,18,68,2,0
CUST0000246937,11,38,2,0
CUST0000255420,3,6,2,0
CUST0000267979,2,7,1,0
CUST0000275903,3,32,2,0
CUST0000297608,8,54,1,0
CUST0000327274,10,31,1,0
CUST0000342503,3,19,3,0
CUST0000357650,3,19,1,0
CUST0000372533,10,23,1,0
CUST0000381350,6,26,2,0
CUST0000457079,4,9,2,0
CUST0000463469,6,13,1,0
CUST0000504248,1,2,1,0
CUST0000528451,1,22,1,1
CUST0000547165,4,13,4,0
CUST0000555784,2,8,1,0
CUST0000577947,6,20,4,0
CUST0000595333,1,1,1,0
CUST0000708813,1,15,1,0
CUST0000727215,5,23,1,0
CUST0000744271,5,52,1,0
CUST0000744925,10,18,1,0
CUST0000807176,5,12,1,0
CUST0000813108,4,45,2,0
CUST0000876718,2,9,1,0
CUST0000931984,10,43,1,0
CUST0000005874,4,6,1,0
CUST0000015949,10,17,3,0
CUST0000085435,5,50,4,0
CUST0000211064,3,5,3,0
CUST0000240613,1,10,1,0
CUST0000254439,7,11,1,0
CUST0000312303,10,46,1,0
CUST0000320358,6,70,2,0
CUST0000371087,7,45,2,0
CUST0000426871,8,33,3,0
CUST0000452520,20,28,1,0
CUST0000476769,4,9,1,0
CUST0000503754,4,15,2,0
CUST0000511779,11,56,2,0
CUST0000588654,1,11,1,0
CUST0000680928,11,82,1,0
CUST0000692984,1,23,1,0
CUST0000734885,3,18,1,0
CUST0000772608,15,36,1,0
CUST0000777452,4,9,2,0
CUST0000846460,3,22,1,0
CUST0000907948,17,46,1,0
CUST0000916506,1,1,1,0
CUST0000918462,2,5,2,0
CUST0000953727,4,14,1,0
CUST0000994225,5,19,3,0
CUST0000018390,3,34,1,0
CUST0000023729,1,1,1,0
CUST0000079125,3,33,1,0
CUST0000110854,1,3,1,0
CUST0000132844,3,5,1,0
CUST0000164214,5,30,1,0
CUST0000194233,4,5,3,0
CUST0000266722,18,18,1,0
CUST0000267396,3,28,1,0
CUST0000314931,4,29,1,0
CUST0000324222,6,17,1,0
CUST0000356000,9,19,1,0
CUST0000364233,4,10,3,0
CUST0000422872,7,11,1,0
CUST0000432169,6,67,1,0
CUST0000439775,3,8,1,0
CUST0000442461,10,55,2,0
CUST0000465140,17,26,1,0
CUST0000492279,6,14,2,0
CUST0000530394,1,7,1,1
CUST0000618910,10,36,4,0
CUST0000642489,8,44,1,0
CUST0000678391,2,6,2,0
CUST0000683554,12,36,2,0
CUST0000834029,5,6,1,1
CUST0000930066,7,28,1,0
CUST0000953795,1,5,1,0
CUST0000088575,10,28,3,0
CUST0000089820,16,52,1,0
CUST0000109451,1,5,1,1
CUST0000169377,5,57,2,0
CUST0000209037,2,19,2,0
CUST0000223076,16,9,2,0
CUST0000258756,2,3,2,0
CUST0000305191,26,95,7,0
CUST0000341306,2,25,1,0
CUST0000371191,6,31,1,0
CUST0000410727,4,25,2,0
CUST0000459098,8,15,4,0
CUST0000464501,4,41,1,0
CUST0000523249,5,37,1,0
CUST0000652579,3,20,1,0
CUST0000688872,5,10,1,0
CUST0000832339,2,29,1,0
CUST0000843006,9,33,1,0
CUST0000872792,11,12,1,0
CUST0000899340,4,55,2,0
CUST0000010509,1,4,1,0
CUST0000042921,1,25,1,0
CUST0000149372,9,18,3,0
CUST0000155661,1,11,1,0
CUST0000196396,1,1,1,0
CUST0000227629,11,32,2,0
CUST0000311051,4,8,1,0
CUST0000320138,4,40,1,0
CUST0000333947,2,21,1,0
CUST0000350521,2,22,1,0
CUST0000355108,6,21,1,0
CUST0000364031,4,22,2,0
CUST0000393615,2,14,1,0
CUST0000397821,5,39,1,0
CUST0000444755,1,3,1,1
CUST0000479335,10,18,1,0
CUST0000513226,3,39,2,0
CUST0000586284,3,16,2,0
CUST0000599366,3,8,1,0
CUST0000684627,6,24,3,0
CUST0000686580,10,50,2,0
CUST0000690430,1,30,1,0
CUST0000697356,11,51,1,0
CUST0000725592,1,30,1,0
CUST0000764520,14,60,3,0
CUST0000786243,6,37,2,0
CUST0000796287,8,48,2,0
CUST0000814656,2,3,2,0
CUST0000860648,8,56,3,0
CUST0000886084,3,21,2,0
CUST0000934795,7,20,3,0
CUST0000956375,5,6,1,0
CUST0000960281,8,40,2,0
CUST0000985163,4,21,2,0
CUST0000095739,1,8,1,0
CUST0000097667,8,25,3,0
CUST0000166823,14,66,1,0
CUST0000175019,1,3,1,0
CUST0000206542,9,19,2,0
CUST0000359289,6,34,1,0
CUST0000475599,10,31,3,0
CUST0000485753,5,9,2,0
CUST0000569531,6,28,2,0
CUST0000611821,1,2,1,0
CUST0000632050,4,36,1,0
CUST0000632761,1,11,1,0
CUST0000644550,2,7,2,0
CUST0000690650,16,49,2,0
CUST0000692260,16,55,1,0
CUST0000693463,3,26,1,0
CUST0000716624,9,42,1,0
CUST0000746315,11,35,1,0
CUST0000772661,3,9,1,0
CUST0000797755,3,14,1,0
CUST0000848525,18,79,1,0
CUST0000860999,1,4,1,0
CUST0000883787,1,4,1,0
CUST0000926667,1,26,1,0
CUST0000934065,2,8,2,0
CUST0000945695,2,3,2,0
CUST0000999786,8,23,2,0
CUST0000010950,2,15,1,0
CUST0000033514,1,5,1,0
CUST0000034375,8,31,2,0
CUST0000078889,9,23,3,0
CUST0000090957,5,18,1,0
CUST0000138450,2,3,1,0
CUST0000138774,7,43,2,0
CUST0000139484,9,49,2,0
CUST0000149344,1,6,1,0
CUST0000161967,5,17,1,0
CUST0000214716,4,11,1,0
CUST0000223188,4,39,1,0
CUST0000290793,1,30,1,0
CUST0000310870,7,24,2,0
CUST0000334951,3,37,1,0
CUST0000346251,7,27,1,0
CUST0000361910,4,11,1,0
CUST0000369681,3,26,1,0
CUST0000414892,5,21,1,0
CUST0000418168,6,17,2,0
CUST0000425467,5,16,2,0
CUST0000455765,2,24,1,0
CUST0000511527,10,26,1,0
CUST0000559823,1,4,1,0
CUST0000565426,1,1,1,0
CUST0000601102,22,78,2,0
CUST0000605594,4,13,2,0
CUST0000639274,5,28,1,0
CUST0000646402,1,1,1,0
CUST0000647120,4,30,1,0
CUST0000761936,1,1,1,1
CUST0000873426,6,17,2,0
CUST0000874276,2,24,1,0
CUST0000915965,5,16,2,0
CUST0000916716,3,45,1,0
CUST0000931886,5,34,1,0
CUST0000950812,3,21,1,0
CUST0000046594,10,27,1,0
CUST0000049621,1,14,1,0
CUST0000055396,1,4,1,0
CUST0000060800,2,15,1,0
CUST0000066762,9,87,2,0
CUST0000105652,4,32,1,0
CUST0000135514,1,6,1,0
CUST0000186827,4,12,1,0
CUST0000212869,9,36,1,0
CUST0000225488,1,3,1,0
CUST0000231774,6,20,1,0
CUST0000232172,7,14,1,0
CUST0000248441,5,27,1,0
CUST0000277064,8,37,1,0
CUST0000282515,2,16,1,0
CUST0000309981,3,74,1,0
CUST0000311496,4,15,1,0
CUST0000342078,3,5,1,0
CUST0000349859,1,14,1,0
CUST0000475113,4,68,1,0
CUST0000475839,2,3,1,0
CUST0000496588,2,8,1,0
CUST0000506100,7,11,2,0
CUST0000520373,5,38,1,0
CUST0000546350,6,40,2,0
CUST0000561099,4,37,1,0
CUST0000781259,2,24,1,0
CUST0000788111,2,13,1,0
CUST0000806551,17,37,2,0
CUST0000828166,14,24,2,0
CUST0000832937,1,34,1,0
CUST0000878361,2,23,1,0
CUST0000880906,12,51,2,0
CUST0000991376,14,29,2,0
CUST0000998851,1,3,1,0
CUST0000047261,2,8,1,0
CUST0000058875,5,29,2,0
CUST0000083736,4,21,2,0
CUST0000105613,6,18,3,0
CUST0000131491,5,12,1,0
CUST0000173361,7,71,3,0
CUST0000176637,4,18,1,0
CUST0000213530,1,3,1,0
CUST0000219153,12,30,1,0
CUST0000224516,5,33,1,0
CUST0000308575,10,8,1,0
CUST0000348557,7,59,3,0
CUST0000366612,2,3,1,0
CUST0000379472,7,72,2,0
CUST0000624170,1,51,1,0
CUST0000631712,11,54,3,0
CUST0000637566,5,41,4,0
CUST0000640214,5,28,1,0
CUST0000669802,4,4,1,0
CUST0000694366,7,30,2,0
CUST0000708550,2,15,2,0
CUST0000722945,2,22,1,0
CUST0000734005,4,42,1,0
CUST0000767525,1,15,1,0
CUST0000805881,10,45,3,0
CUST0000827846,3,11,1,0
CUST0000827922,1,2,1,0
CUST0000871609,4,10,1,0
CUST0000894444,9,16,1,0
CUST0000898874,2,12,1,0
CUST0000929563,1,1,1,0
CUST0000964045,11,50,2,0
CUST0000060847,9,61,2,0
CUST0000158853,5,51,2,0
CUST0000225754,5,33,2,0
CUST0000253216,6,25,2,0
CUST0000289425,3,11,2,0
CUST0000299905,1,2,1,0
CUST0000344295,16,52,3,0
CUST0000356601,2,10,2,0
CUST0000393773,1,1,1,0
CUST0000418743,7,13,4,0
CUST0000433913,13,27,1,0
CUST0000488814,3,7,1,0
CUST0000548875,1,2,1,0
CUST0000554500,12,49,4,0
CUST0000557313,4,15,2,0
CUST0000580080,5,11,2,0
CUST0000673256,6,30,2,0
CUST0000695535,1,7,1,0
CUST0000713060,5,22,3,0
CUST0000797024,1,14,1,0
CUST0000841571,7,53,1,0
CUST0000060410,10,42,1,0
CUST0000094763,1,2,1,0
CUST0000100914,1,17,1,0
CUST0000120214,1,6,1,0
CUST0000175470,1,7,1,0
CUST0000204216,4,32,1,0
CUST0000210083,3,17,1,0
CUST0000221356,6,24,2,0
CUST0000249608,4,16,2,0
CUST0000268127,5,36,1,0
CUST0000272853,20,73,3,0
CUST0000274137,4,7,2,0
CUST0000282411,6,34,1,0
CUST0000312927,8,14,1,0
CUST0000327293,6,16,1,0
CUST0000327595,3,4,2,0
CUST0000345094,3,33,1,0
CUST0000445856,5,45,2,0
CUST0000515740,14,46,2,0
CUST0000524577,5,13,1,0
CUST0000536422,4,8,1,0
CUST0000552095,2,5,2,0
CUST0000554743,3,23,2,0
CUST0000562988,1,4,1,0
CUST0000575954,2,23,1,0
CUST0000589718,2,8,1,0
CUST0000659009,1,12,1,0
CUST0000664278,13,54,2,0
CUST0000679894,1,5,1,0
CUST0000683937,1,6,1,0
CUST0000691334,1,15,1,0
CUST0000696692,3,21,1,0
CUST0000784547,2,7,1,0
CUST0000793074,26,144,2,0
CUST0000805786,1,2,1,0
CUST0000823558,5,27,3,0
CUST0000884836,1,2,1,0
CUST0000915794,2,22,1,0
CUST0000918256,6,11,2,0
CUST0000953463,10,52,2,0
CUST0000018583,2,4,1,0
CUST0000033395,2,18,1,0
CUST0000093216,4,38,1,0
CUST0000124431,3,7,3,0
CUST0000160306,2,7,1,0
CUST0000195742,2,1,1,0
CUST0000240277,6,11,1,0
CUST0000279958,6,36,1,0
CUST0000301140,1,6,1,0
CUST0000373683,1,8,1,0
CUST0000412928,13,49,3,0
CUST0000436193,1,1,1,0
CUST0000538623,3,14,1,0
CUST0000577810,1,7,1,0
CUST0000583710,8,51,1,0
CUST0000608508,7,19,1,0
CUST0000665835,4,8,1,0
CUST0000697528,4,47,1,0
CUST0000722230,7,39,4,0
CUST0000894063,4,54,1,0
CUST0000007988,4,7,2,0
CUST0000102331,2,38,2,0
CUST0000147274,1,9,1,0
CUST0000162730,4,34,1,0
CUST0000194547,1,19,1,0
CUST0000196385,11,66,2,0
CUST0000253529,2,6,2,0
CUST0000276429,4,14,2,0
CUST0000326711,8,32,3,0
CUST0000355981,1,14,1,0
CUST0000489477,2,4,1,0
CUST0000498948,6,50,3,0
CUST0000517718,5,42,3,0
CUST0000525274,2,2,1,0
CUST0000531435,1,18,1,0
CUST0000566259,4,12,1,0
CUST0000575003,2,19,1,0
CUST0000654686,2,16,2,0
CUST0000660590,5,40,3,0
CUST0000675844,5,25,1,0
CUST0000775362,4,8,1,0
CUST0000839847,5,8,1,0
CUST0000850673,8,13,3,0
CUST0000890978,5,35,1,0
CUST0000896495,3,9,2,0
CUST0000899518,3,14,1,0
CUST0000907408,1,1,1,0
CUST0000994500,2,3,1,0
CUST0000997118,13,39,1,0
CUST0000033304,4,49,1,0
CUST0000106639,5,9,2,0
CUST0000109079,7,7,2,0
CUST0000151471,13,69,2,0
CUST0000167244,1,5,1,0
CUST0000244418,4,9,2,0
CUST0000259498,5,46,1,0
CUST0000491140,1,4,1,0
CUST0000508632,2,2,2,0
CUST0000549621,8,27,6,0
CUST0000558339,13,36,4,0
CUST0000559848,4,72,2,0
CUST0000591774,1,2,1,0
CUST0000605174,3,31,2,0
CUST0000622665,11,43,2,0
CUST0000695407,5,17,1,0
CUST0000708577,2,5,2,0
CUST0000713315,1,2,1,0
CUST0000750549,15,76,1,0
CUST0000752715,6,28,2,0
CUST0000755583,2,2,1,0
CUST0000761811,5,19,2,0
CUST0000808290,9,50,2,0
CUST0000885945,8,24,2,0
CUST0000901474,1,9,1,0
CUST0000909540,2,21,2,0
CUST0000949077,1,11,1,1
CUST0000043076,10,34,2,0
CUST0000117239,8,26,2,0
CUST0000211047,2,23,1,0
CUST0000244654,5,12,3,0
CUST0000362694,3,40,1,0
CUST0000375691,3,30,1,0
CUST0000404696,1,8,1,0
CUST0000428608,10,55,3,0
CUST0000440403,3,57,1,0
CUST0000517648,2,12,1,0
CUST0000536633,1,1,1,0
CUST0000554776,1,4,1,0
CUST0000559052,5,13,1,0
CUST0000612267,5,48,1,0
CUST0000676995,7,42,2,0
CUST0000724424,6,54,1,0
CUST0000794349,8,70,2,0
CUST0000811618,5,33,1,0
CUST0000843677,2,22,2,0
CUST0000858321,4,35,1,0
CUST0000865865,9,17,4,0
CUST0000919826,14,38,1,0
CUST0000922993,12,50,1,0
CUST0000923667,10,23,2,0
CUST0000070949,1,5,1,0
CUST0000097065,11,32,3,0
CUST0000141094,3,32,1,0
CUST0000178986,17,48,2,0
CUST0000179746,8,50,1,0
CUST0000239986,7,67,3,0
CUST0000257902,2,21,2,0
CUST0000284343,6,31,1,0
CUST0000300829,9,59,2,0
CUST0000359212,2,3,1,0
CUST0000361038,1,4,1,0
CUST0000370293,8,32,2,0
CUST0000371579,2,18,1,0
CUST0000374335,12,81,2,0
CUST0000409627,2,12,1,0
CUST0000447348,6,57,2,0
CUST0000457990,8,12,2,0
CUST0000538110,5,15,2,0
CUST0000552556,3,49,3,0
CUST0000558717,2,16,1,0
CUST0000588390,4,25,2,0
CUST0000657439,5,22,1,0
CUST0000687099,2,2,2,0
CUST0000708739,1,6,1,1
CUST0000737915,9,45,1,0
CUST0000780100,4,36,2,0
CUST0000780822,1,1,1,1
CUST0000797981,2,21,1,0
CUST0000845893,1,27,1,0
CUST0000902596,5,14,3,0
CUST0000971135,4,46,3,0
CUST0000009422,1,8,1,0
CUST0000032697,2,2,1,0
CUST0000066462,5,23,2,0
CUST0000131867,5,9,3,0
CUST0000144492,4,7,1,0
CUST0000205301,4,58,1,0
CUST0000241254,6,54,1,0
CUST0000300136,4,8,2,0
CUST0000333211,3,6,2,0
CUST0000503217,1,2,1,1
CUST0000504497,8,29,3,0
CUST0000505066,4,12,1,0
CUST0000506713,7,23,1,0
CUST0000681047,3,23,1,0
CUST0000682120,2,68,2,0
CUST0000692015,8,41,1,0
CUST0000723002,4,20,2,0
CUST0000859140,14,36,2,0
CUST0000900530,2,16,2,0
CUST0000902490,11,34,3,0
CUST0000918102,27,45,3,0
CUST0000926292,7,86,3,0
CUST0000965879,3,20,1,0
CUST0000985379,7,31,3,0
CUST0000986165,8,38,2,0
CUST0000986262,6,9,1,0
CUST0000998017,45,54,2,0
CUST0000007046,5,29,1,0
CUST0000102309,1,1,1,0
CUST0000106540,1,4,1,0
CUST0000130658,2,4,2,0
CUST0000213955,1,5,1,0
CUST0000220331,8,45,2,0
CUST0000303966,5,9,1,0
CUST0000318461,3,5,2,0
CUST0000347923,1,4,1,0
CUST0000353945,1,6,1,0
CUST0000520310,9,14,2,0
CUST0000523791,13,113,5,0
CUST0000610089,13,34,2,0
CUST0000633460,2,37,1,0
CUST0000639430,1,11,1,0
CUST0000655617,18,46,4,0
CUST0000742968,6,19,1,0
CUST0000804462,9,32,4,0
CUST0000883929,6,57,1,0
CUST0000888005,25,72,2,0
CUST0000917696,3,5,1,0
CUST0000942820,4,30,1,0
CUST0000987542,8,20,1,0
CUST0000011068,10,42,3,0
CUST0000016087,2,7,1,0
CUST0000016376,11,58,2,0
CUST0000016975,10,41,1,0
CUST0000039202,2,29,1,0
CUST0000076091,2,6,1,0
CUST0000087895,7,11,3,0
CUST0000095712,3,3,1,0
CUST0000102015,10,71,1,0
CUST0000185571,3,18,1,0
CUST0000248266,1,6,1,0
CUST0000291108,3,42,1,0
CUST0000300913,1,2,1,1
CUST0000353677,3,34,2,0
CUST0000360110,1,17,1,0
CUST0000369227,4,9,1,0
CUST0000547762,6,14,1,0
CUST0000629003,1,28,1,0
CUST0000629569,7,32,1,0
CUST0000639530,1,1,1,0
CUST0000728164,15,45,2,0
CUST0000763608,1,1,1,0
CUST0000848715,2,25,1,0
CUST0000918630,1,26,1,0
CUST0000965597,1,9,1,0
CUST0000983323,1,2,1,0
CUST0000020908,1,1,1,0
CUST0000099465,6,17,2,0
CUST0000131200,4,13,1,0
CUST0000168178,3,22,1,0
CUST0000212216,2,6,1,0
CUST0000249526,11,18,1,0
CUST0000262704,5,17,2,0
CUST0000274139,5,26,2,0
CUST0000287482,1,10,1,0
CUST0000388585,5,20,2,0
CUST0000394724,8,43,1,0
CUST0000398616,15,32,4,0
CUST0000507316,6,71,2,0
CUST0000507862,2,11,1,0
CUST0000523142,5,52,1,0
CUST0000556279,5,41,1,0
CUST0000574637,9,38,1,0
CUST0000582126,4,13,1,0
CUST0000590320,1,13,1,0
CUST0000616267,9,66,2,0
CUST0000756805,1,3,1,1
CUST0000799807,6,31,4,0
CUST0000930182,1,28,1,1
CUST0000936104,2,11,2,0
CUST0000950918,5,39,2,0
CUST0000994092,5,88,3,0
CUST0000002218,3,12,1,0
CUST0000021287,3,8,3,0
CUST0000021723,3,10,2,0
CUST0000025691,3,5,2,0
CUST0000042324,1,19,1,0
CUST0000053659,2,6,2,0
CUST0000056664,1,1,1,0
CUST0000090072,1,2,1,0
CUST0000127477,1,23,1,0
CUST0000140700,4,24,3,0
CUST0000193209,2,44,1,0
CUST0000248288,16,21,2,0
CUST0000267726,3,10,3,0
CUST0000307323,5,10,1,0
CUST0000315873,1,3,1,0
CUST0000340033,3,8,3,0
CUST0000355428,3,27,1,0
CUST0000373868,5,47,3,0
CUST0000379903,10,22,1,0
CUST0000391382,3,18,2,0
CUST0000434767,1,5,1,0
CUST0000448583,1,1,1,0
CUST0000455947,8,62,2,0
CUST0000513008,1,12,1,0
CUST0000538028,19,40,1,0
CUST0000568930,14,94,3,0
CUST0000646413,1,1,1,0
CUST0000665484,4,29,1,0
CUST0000681227,2,16,2,0
CUST0000713877,3,24,2,0
CUST0000742196,2,2,1,0
CUST0000830529,10,24,2,0
CUST0000846079,2,26,1,0
CUST0000846163,8,68,4,0
CUST0000887195,4,17,2,0
CUST0000898233,3,7,2,0
CUST0000912430,4,19,1,0
CUST0000913995,3,40,3,0
CUST0000964342,9,61,1,0
CUST0000056849,12,29,1,0
CUST0000102383,3,6,1,0
CUST0000107554,6,13,3,0
CUST0000111137,3,5,1,0
CUST0000149263,8,28,1,0
CUST0000213978,2,15,1,1
CUST0000234190,8,76,2,0
CUST0000258485,9,31,3,0
CUST0000328011,5,72,3,0
CUST0000362355,4,61,1,0
CUST0000463779,4,15,1,0
CUST0000497560,3,7,2,0
CUST0000578661,8,77,2,0
CUST0000659723,3,8,2,0
CUST0000665227,6,12,1,0
CUST0000730614,5,5,1,0
CUST0000733897,4,13,3,0
CUST0000777734,1,19,1,0
CUST0000873031,5,117,2,0
CUST0000883751,7,12,1,0
CUST0000925106,5,11,1,0
CUST0000993604,1,2,1,0
CUST0000013461,2,17,1,0
CUST0000014549,19,35,1,0
CUST0000080301,1,6,1,0
CUST0000100955,3,14,2,0
CUST0000131091,4,18,2,0
CUST0000168254,2,3,1,0
CUST0000177169,7,37,2,0
CUST0000191339,3,44,2,0
CUST0000206442,4,20,3,0
CUST0000265367,4,56,1,0
CUST0000301586,4,7,1,0
CUST0000321850,3,8,2,0
CUST0000326502,6,17,1,0
CUST0000437882,13,42,1,0
CUST0000540675,12,33,1,0
CUST0000568818,2,7,1,0
CUST0000578851,11,52,3,0
CUST0000654017,5,13,1,0
CUST0000698395,9,77,2,0
CUST0000730353,3,28,1,0
CUST0000771758,5,30,2,0
CUST0000805188,4,9,2,0
CUST0000805509,5,14,1,0
CUST0000846113,4,15,1,0
CUST0000924696,13,78,2,0
CUST0000992462,2,5,2,1
CUST0000039024,3,10,2,0
CUST0000065671,3,5,1,0
CUST0000233658,2,13,1,0
CUST0000263173,2,10,1,0
CUST0000278887,3,33,1,0
CUST0000302718,2,3,2,0
CUST0000318596,3,27,1,0
CUST0000323567,2,43,1,1
CUST0000385012,6,13,2,0
CUST0000470597,1,8,1,0
CUST0000474286,15,50,3,0
CUST0000474340,3,13,2,0
CUST0000526506,12,12,2,0
CUST0000602024,7,20,3,0
CUST0000705251,6,26,2,0
CUST0000758403,4,4,1,0
CUST0000784004,1,4,1,0
CUST0000817991,6,47,1,0
CUST0000858503,8,33,1,0
CUST0000882972,5,61,1,0
CUST0000897794,1,8,1,0
CUST0000918881,8,44,1,0
CUST0000920247,5,26,1,0
CUST0000920638,1,7,1,0
CUST0000994456,11,40,1,0
CUST0000998907,5,74,1,0
CUST0000004239,25,81,2,0
CUST0000109500,3,11,1,0
CUST0000112467,5,40,1,0
CUST0000152715,1,2,1,0
CUST0000196637,1,14,1,0
CUST0000272023,9,62,2,0
CUST0000348012,4,24,2,0
CUST0000348123,5,24,2,0
CUST0000365930,3,7,2,0
CUST0000369556,4,66,1,0
CUST0000386827,1,15,1,0
CUST0000392574,3,18,1,0
CUST0000456347,3,34,3,0
CUST0000567162,4,13,2,0
CUST0000604366,1,16,1,0
CUST0000651261,3,22,1,0
CUST0000693737,15,47,1,0
CUST0000852161,3,10,1,0
CUST0000864337,12,55,3,0
CUST0000894018,1,4,1,0
CUST0000918624,3,9,2,0
CUST0000919241,3,6,1,0
CUST0000926130,4,33,4,0
CUST0000938180,2,5,1,0
CUST0000115390,4,27,1,0
CUST0000231131,9,16,1,0
CUST0000252228,2,20,1,0
CUST0000260876,1,12,1,1
CUST0000289277,6,15,3,0
CUST0000291212,6,46,2,0
CUST0000309773,7,55,1,0
CUST0000400484,1,13,1,0
CUST0000417955,10,68,3,0
CUST0000446840,3,8,1,0
CUST0000509150,6,19,1,0
CUST0000538177,5,9,1,0
CUST0000634693,7,32,1,0
CUST0000679706,6,62,2,0
CUST0000699276,5,28,1,0
CUST0000729056,3,17,3,0
CUST0000738183,2,3,2,0
CUST0000740133,9,25,2,0
CUST0000798688,1,1,1,0
CUST0000815647,2,5,1,0
CUST0000913892,3,21,1,0
CUST0000919465,3,20,1,0
CUST0000995323,9,80,2,0
CUST0000061472,1,3,1,0
CUST0000089501,9,58,2,0
CUST0000092839,4,8,3,0
CUST0000172939,1,1,1,0
CUST0000174615,2,4,2,0
CUST0000179817,5,29,4,0
CUST0000215621,27,57,2,0
CUST0000229327,1,2,1,0
CUST0000238956,6,53,3,0
CUST0000302301,2,14,1,0
CUST0000363059,5,60,1,0
CUST0000404601,2,7,2,0
CUST0000438964,3,11,2,0
CUST0000454607,1,26,1,0
CUST0000486332,6,21,2,0
CUST0000507047,9,29,2,0
CUST0000580333,1,1,1,0
CUST0000582528,2,12,2,0
CUST0000615196,4,28,1,0
CUST0000626899,6,39,2,0
CUST0000697061,1,13,1,0
CUST0000786608,4,48,1,0
CUST0000797753,4,46,1,0
CUST0000817425,1,2,1,0
CUST0000851982,1,22,1,0
CUST0000863873,6,23,1,0
CUST0000891142,5,20,2,0
CUST0000912168,2,10,2,0
CUST0000001052,2,6,2,0
CUST0000101121,2,20,2,0
CUST0000165640,3,54,1,0
CUST0000180023,15,21,2,0
CUST0000227013,8,21,3,0
CUST0000277675,5,14,1,0
CUST0000301955,4,34,2,1
CUST0000385231,12,27,2,0
CUST0000406818,3,25,2,0
CUST0000420072,4,21,1,0
CUST0000476309,15,82,1,0
CUST0000477841,7,49,1,0
CUST0000499555,8,45,3,0
CUST0000500812,1,5,1,0
CUST0000507386,8,41,1,0
CUST0000538370,3,15,3,0
CUST0000782600,3,8,2,0
CUST0000848953,4,19,1,0
CUST0000853429,1,16,1,0
CUST0000916771,1,9,1,0
CUST0000961436,1,1,1,0
CUST0000963557,1,11,1,0
CUST0000042419,1,2,1,0
CUST0000047889,3,11,2,0
CUST0000088415,22,39,3,0
CUST0000110356,1,3,1,0
CUST0000158221,5,34,2,0
CUST0000174325,4,62,1,0
CUST0000219780,1,16,1,0
CUST0000229117,2,5,2,0
CUST0000258555,4,28,1,0
CUST0000282917,1,1,1,0
CUST0000344260,3,9,1,0
CUST0000356138,1,2,1,0
CUST0000379452,6,23,2,0
CUST0000403381,5,18,2,0
CUST0000414915,10,42,1,0
CUST0000485726,3,48,1,0
CUST0000556668,5,14,1,0
CUST0000587787,10,51,1,0
CUST0000610573,3,4,2,0
CUST0000612909,1,6,1,0
CUST0000744374,2,2,2,0
CUST0000752874,1,22,1,0
CUST0000785583,5,19,2,0
CUST0000805980,1,4,1,0
CUST0000882569,2,12,1,0
CUST0000943456,1,1,1,0
CUST0000945332,18,56,4,0
CUST0000947889,8,23,1,0
CUST0000027371,1,4,1,0
CUST0000030585,5,43,1,0
CUST0000041637,3,28,2,0
CUST0000062382,1,8,1,0
CUST0000079114,1,3,1,0
CUST0000106749,1,11,1,1
CUST0000178509,3,4,1,0
CUST0000227536,4,63,2,0
CUST0000235779,4,14,1,0
CUST0000251863,9,59,3,0
CUST0000267213,9,48,1,0
CUST0000293101,1,2,1,0
CUST0000332983,9,23,2,0
CUST0000379126,1,9,1,0
CUST0000380545,4,40,1,0
CUST0000428635,3,32,2,0
CUST0000456286,2,16,2,0
CUST0000568148,4,6,1,0
CUST0000645135,3,11,1,0
CUST0000710421,2,16,1,0
CUST0000736259,19,38,4,0
CUST0000790691,11,94,2,0
CUST0000802332,2,3,1,0
CUST0000832345,2,9,1,0
CUST0000855087,2,4,2,0
CUST0000896754,6,33,2,0
CUST0000901807,4,35,1,0
CUST0000932977,1,4,1,0
CUST0000951558,2,4,1,0
CUST0000156208,2,38,1,0
CUST0000180856,13,31,2,0
CUST0000212148,1,1,1,0
CUST0000235664,3,6,1,0
CUST0000265948,5,33,2,0
CUST0000291432,2,4,1,0
CUST0000295167,4,17,2,0
CUST0000346167,1,11,1,0
CUST0000350599,4,18,1,0
CUST0000377973,9,46,1,0
CUST0000402327,3,48,2,0
CUST0000402650,6,9,3,0
CUST0000444791,6,33,3,0
CUST0000459283,4,12,1,0
CUST0000491958,7,8,1,0
CUST0000530119,8,46,2,0
CUST0000534245,11,73,1,0
CUST0000568084,1,3,1,0
CUST0000746165,1,2,1,0
CUST0000751357,2,11,1,0
CUST0000818812,6,28,1,0
CUST0000838103,1,1,1,0
CUST0000888640,5,20,3,0
CUST0000897274,2,11,1,0
CUST0000937299,16,8,1,0
CUST0000974297,9,36,1,0
CUST0000978286,2,24,1,0
CUST0000045451,3,35,2,0
CUST0000127560,1,2,1,0
CUST0000202206,4,7,2,0
CUST0000218237,10,34,3,0
CUST0000253573,9,16,3,0
CUST0000278821,2,14,1,0
CUST0000280589,10,55,3,0
CUST0000352048,2,9,2,0
CUST0000365846,4,8,2,0
CUST0000377107,6,16,1,0
CUST0000388652,1,2,1,0
CUST0000393495,5,30,1,0
CUST0000429946,8,8,2,0
CUST0000430659,4,5,1,0
CUST0000474466,2,29,1,0
CUST0000496531,5,32,2,0
CUST0000497325,5,40,1,0
CUST0000548056,2,14,2,0
CUST0000591215,14,9,1,0
CUST0000592884,9,61,1,0
CUST0000611895,4,7,1,0
CUST0000655437,7,16,3,0
CUST0000680689,1,2,1,0
CUST0000699742,17,98,3,0
CUST0000744854,2,22,2,0
CUST0000788616,7,37,2,0
CUST0000892936,4,16,1,0
CUST0000904873,1,15,1,0
CUST0000980244,2,32,1,0
CUST0000009537,13,36,3,0
CUST0000021007,2,4,2,0
CUST0000037542,5,24,1,0
CUST0000081993,5,23,1,0
CUST0000085180,16,33,2,0
CUST0000246949,1,6,1,0
CUST0000263376,1,1,1,0
CUST0000277824,3,18,1,0
CUST0000306843,1,12,1,0
CUST0000313294,1,4,1,0
CUST0000319945,4,10,1,0
CUST0000356067,2,43,1,0
CUST0000364544,2,7,1,0
CUST0000487160,1,1,1,0
CUST0000548606,4,44,1,0
CUST0000554531,11,21,4,0
CUST0000586811,6,37,2,0
CUST0000611030,3,20,1,0
CUST0000642749,1,6,1,0
CUST0000679415,4,22,2,0
CUST0000707553,8,37,3,0
CUST0000726543,9,69,3,0
CUST0000758105,3,9,2,0
CUST0000816474,2,16,1,0
CUST0000874794,1,9,1,0
CUST0000937998,1,1,1,0
CUST0000960424,8,25,4,0
CUST0000043090,1,9,1,0
CUST0000057417,16,41,1,0
CUST0000091625,2,21,1,0
CUST0000120837,4,17,1,0
CUST0000138854,14,109,2,0
CUST0000144071,7,24,1,0
CUST0000167253,4,16,2,0
CUST0000175215,5,26,2,0
CUST0000218305,5,45,1,0
CUST0000238658,14,63,1,0
CUST0000238866,5,9,1,0
CUST0000325310,1,12,1,0
CUST0000425649,3,28,2,0
CUST0000467219,1,10,1,0
CUST0000494754,3,14,1,0
CUST0000519294,4,24,2,0
CUST0000568232,1,31,1,0
CUST0000648598,9,35,2,0
CUST0000712948,3,5,1,0
CUST0000731413,3,47,1,0
CUST0000767141,2,3,1,0
CUST0000776068,8,53,3,0
CUST0000893636,4,10,2,0
CUST0000899795,1,6,1,0
CUST0000959875,4,25,1,0
CUST0000971991,7,11,2,0
CUST0000981925,6,45,3,0
CUST0000004696,2,2,1,0
CUST0000026732,4,28,3,0
CUST0000080630,12,39,3,0
CUST0000082206,1,10,1,0
CUST0000100629,2,21,1,0
CUST0000161994,2,2,1,0
CUST0000176102,12,28,2,0
CUST0000197150,1,4,1,0
CUST0000214363,1,9,1,0
CUST0000270350,2,30,1,0
CUST0000288518,3,46,1,0
CUST0000319316,1,19,1,0
CUST0000357627,1,1,1,0
CUST0000375648,7,36,1,0
CUST0000391346,1,1,1,1
CUST0000555247,4,21,1,0
CUST0000573752,12,23,3,0
CUST0000583043,3,9,1,0
CUST0000589225,3,5,1,0
CUST0000621772,11,24,1,0
CUST0000678277,3,4,2,0
CUST0000679226,15,35,1,0
CUST0000725494,8,24,3,0
CUST0000817002,1,8,1,0
CUST0000840344,6,31,2,0
CUST0000990401,13,59,6,0
CUST0000996154,4,19,1,0
CUST0000054804,3,2,2,0
CUST0000067158,2,20,1,0
CUST0000087833,6,36,2,0
CUST0000098337,1,3,1,0
CUST0000177911,4,22,1,0
CUST0000249577,1,17,1,0
CUST0000359344,6,27,2,0
CUST0000365429,8,144,1,0
CUST0000371354,3,6,2,0
CUST0000373003,1,5,1,0
CUST0000380224,21,47,2,0
CUST0000380492,1,1,1,0
CUST0000410118,1,3,1,0
CUST0000425522,8,36,3,0
CUST0000445045,4,24,1,0
CUST0000458113,4,57,1,0
CUST0000540703,23,14,1,0
CUST0000561300,16,45,2,0
CUST0000562821,2,6,1,0
CUST0000566571,25,50,1,0
CUST0000592165,6,77,1,0
CUST0000640297,2,25,1,0
CUST0000670191,3,30,3,0
CUST0000711167,4,26,2,0
CUST0000722023,1,1,1,0
CUST0000749264,2,24,1,0
CUST0000766155,3,5,3,0
CUST0000768393,5,66,1,0
CUST0000911359,20,21,4,0
CUST0000947010,10,35,1,0
CUST0000989103,3,40,2,0
CUST0000044856,5,35,1,0
CUST0000102869,1,1,1,0
CUST0000200588,25,68,2,0
CUST0000221017,1,1,1,0
CUST0000424608,6,21,1,0
CUST0000449701,3,20,1,0
CUST0000456698,5,17,3,0
CUST0000463293,5,28,2,0
CUST0000478905,7,73,2,0
CUST0000487322,23,31,1,0
CUST0000550948,7,30,2,0
CUST0000558880,2,18,1,0
CUST0000570805,3,6,2,0
CUST0000572613,2,9,2,0
CUST0000597294,3,28,2,0
CUST0000623303,5,36,2,0
CUST0000633336,1,24,1,0
CUST0000672612,8,48,3,0
CUST0000675272,2,9,1,0
CUST0000740845,1,2,1,0
CUST0000744976,5,43,1,0
CUST0000763659,3,13,1,0
CUST0000785769,2,6,2,0
CUST0000805211,4,34,1,0
CUST0000842003,2,26,1,0
CUST0000916536,6,13,1,0
CUST0000948955,1,8,1,0
CUST0000040788,2,35,1,0
CUST0000053961,1,9,1,0
CUST0000061224,1,54,1,1
CUST0000074825,8,26,1,0
CUST0000096570,3,14,1,0
CUST0000140306,7,61,2,0
CUST0000156198,6,27,3,0
CUST0000182916,2,6,1,0
CUST0000197177,1,18,1,0
CUST0000275005,3,32,1,0
CUST0000396827,11,21,3,0
CUST0000398784,4,28,3,0
CUST0000424386,8,27,1,0
CUST0000485331,1,1,1,0
CUST0000529677,9,60,1,0
CUST0000567295,7,29,3,0
CUST0000585638,8,40,3,0
CUST0000619787,19,36,2,0
CUST0000620929,3,18,2,0
CUST0000642605,6,27,2,0
CUST0000643095,6,9,3,0
CUST0000730479,1,16,1,0
CUST0000748625,1,16,1,0
CUST0000757582,2,3,1,0
CUST0000899003,1,4,1,0
CUST0000967288,7,19,1,0
CUST0000003603,2,4,2,1
CUST0000179265,3,18,1,0
CUST0000212223,5,46,1,0
CUST0000276942,3,27,2,0
CUST0000304008,3,33,2,0
CUST0000379577,2,4,1,0
CUST0000386711,1,1,1,0
CUST0000409997,5,20,3,0
CUST0000410526,3,11,2,0
CUST0000457031,4,19,1,0
CUST0000479003,1,1,1,0
CUST0000509133,3,22,2,0
CUST0000571830,5,26,2,0
CUST0000640095,14,26,2,0
CUST0000657924,7,31,2,0
CUST0000724205,1,13,1,0
CUST0000744787,17,51,2,0
CUST0000763030,3,37,1,0
CUST0000853841,2,16,1,0
CUST0000855939,9,44,1,0
CUST0000928411,6,35,1,0
CUST0000001098,6,22,1,0
CUST0000140947,1,17,1,0
CUST0000143602,4,28,1,0
CUST0000145181,1,11,1,0
CUST0000145307,1,15,1,0
CUST0000151178,1,1,1,0
CUST0000209646,2,4,2,0
CUST0000249670,7,9,3,0
CUST0000272582,4,30,1,0
CUST0000304922,2,5,1,0
CUST0000325862,3,17,1,0
CUST0000327218,8,14,5,0
CUST0000332689,5,7,1,0
CUST0000343056,1,5,1,0
CUST0000369298,1,2,1,0
CUST0000440411,5,9,1,0
CUST0000468282,11,22,1,0
CUST0000473526,4,27,2,0
CUST0000557852,5,19,3,0
CUST0000573657,4,16,1,0
CUST0000612210,5,10,1,0
CUST0000631798,9,9,1,0
CUST0000707875,23,71,2,0
CUST0000741224,9,79,2,0
CUST0000754655,2,3,2,0
CUST0000797094,9,24,3,0
CUST0000834065,5,27,3,0
CUST0000899882,6,80,2,0
CUST0000986591,9,39,1,0
CUST0000006239,1,9,1,0
CUST0000008716,1,5,1,0
CUST0000034450,4,18,1,0
CUST0000050558,4,9,2,0
CUST0000089711,5,24,1,0
CUST0000091271,4,56,1,0
CUST0000115970,21,67,6,0
CUST0000120536,1,7,1,0
CUST0000138580,1,19,1,0
CUST0000199773,7,38,1,0
CUST0000219699,7,59,3,0
CUST0000297139,3,26,1,0
CUST0000311194,2,10,1,0
CUST0000393547,1,7,1,0
CUST0000485988,7,34,1,0
CUST0000503994,6,40,1,0
CUST0000559360,3,15,2,0
CUST0000635984,5,23,1,0
CUST0000660742,2,4,1,0
CUST0000687027,1,6,1,0
CUST0000695418,6,64,2,0
CUST0000759771,1,1,1,0
CUST0000806331,2,2,1,0
CUST0000935509,2,12,1,0
CUST0000001400,2,38,1,0
CUST0000046755,11,46,1,0
CUST0000099315,10,52,3,0
CUST0000156209,10,68,1,0
CUST0000202476,1,1,1,0
CUST0000239699,7,31,2,0
CUST0000314371,6,18,1,0
CUST0000340895,5,19,2,0
CUST0000362661,2,36,1,1
CUST0000444973,4,41,2,0
CUST0000447826,2,13,2,0
CUST0000469026,13,40,2,0
CUST0000499553,9,34,2,0
CUST0000531741,6,27,3,0
CUST0000608511,1,28,1,0
CUST0000642022,3,19,1,0
CUST0000650784,6,47,2,0
CUST0000685699,1,3,1,0
CUST0000694856,1,1,1,0
CUST0000709525,5,70,1,0
CUST0000724208,8,39,3,0
CUST0000739208,7,30,2,0
CUST0000749091,5,26,2,0
CUST0000754664,1,4,1,0
CUST0000764077,2,12,1,0
CUST0000776591,5,16,2,0
CUST0000794797,9,72,2,0
CUST0000815118,2,28,1,0
CUST0000856617,3,15,2,0
CUST0000917793,2,26,2,0
CUST0000983830,12,36,3,0
CUST0000086976,6,29,1,0
CUST0000106871,1,12,1,0
CUST0000109639,7,15,1,0
CUST0000114492,2,12,2,0
CUST0000132151,7,48,1,0
CUST0000157162,1,5,1,0
CUST0000157823,2,13,1,0
CUST0000220115,3,6,2,0
CUST0000221361,1,1,1,0
CUST0000228788,4,43,1,0
CUST0000247910,1,4,1,0
CUST0000250135,1,2,1,0
CUST0000317407,1,6,1,0
CUST0000320034,4,19,1,0
CUST0000329314,4,5,2,0
CUST0000341319,3,26,2,0
CUST0000369871,1,4,1,0
CUST0000375659,4,14,1,0
CUST0000398363,2,12,1,0
CUST0000446480,26,64,2,0
CUST0000497628,5,83,2,0
CUST0000574975,2,7,1,0
CUST0000575098,5,8,1,0
CUST0000629704,9,83,1,0
CUST0000629728,5,16,2,0
CUST0000703259,1,5,1,0
CUST0000757203,5,39,2,0
CUST0000782246,12,57,2,0
CUST0000787661,5,8,1,0
CUST0000856838,4,4,2,0
CUST0000860136,1,5,1,0
CUST0000863891,6,26,4,0
CUST0000950087,2,24,1,0
CUST0000008879,6,8,1,0
CUST0000041920,1,3,1,0
CUST0000050344,2,29,1,0
CUST0000086768,8,42,2,0
CUST0000088813,1,3,1,0
CUST0000104542,4,12,3,0
CUST0000107770,15,44,3,0
CUST0000142485,9,32,1,0
CUST0000142590,7,92,1,0
CUST0000149077,2,24,2,0
CUST0000149331,3,13,1,0
CUST0000179031,6,49,2,0
CUST0000436095,1,3,1,1
CUST0000453772,1,10,1,0
CUST0000476201,17,70,2,0
CUST0000502098,3,15,3,0
CUST0000543889,2,2,1,0
CUST0000563785,1,1,1,0
CUST0000600338,5,5,2,0
CUST0000648788,16,46,5,0
CUST0000671085,12,61,3,0
CUST0000674288,12,31,2,0
CUST0000693113,8,82,2,0
CUST0000739370,2,25,2,0
CUST0000740028,1,19,1,0
CUST0000785369,2,5,1,0
CUST0000802534,1,4,1,0
CUST0000802910,9,25,1,0
CUST0000876191,8,15,1,0
CUST0000940034,3,3,1,0
CUST0000984094,4,19,2,0
CUST0000024896,1,4,1,0
CUST0000028627,1,15,1,0
CUST0000072578,2,14,1,0
CUST0000104637,7,59,1,0
CUST0000119198,6,36,1,0
CUST0000122093,1,8,1,0
CUST0000126351,3,31,2,0
CUST0000162850,7,68,2,0
CUST0000183225,8,34,1,0
CUST0000199346,1,1,1,0
CUST0000214748,4,31,1,0
CUST0000255660,5,48,1,0
CUST0000274514,2,25,1,0
CUST0000297678,1,1,1,1
CUST0000315095,5,21,3,0
CUST0000330389,1,3,1,0
CUST0000408901,4,15,1,0
CUST0000461568,14,39,2,0
CUST0000487114,1,2,1,1
CUST0000512238,1,11,1,0
CUST0000515337,3,15,3,0
CUST0000614278,5,41,1,0
CUST0000634784,6,30,1,0
CUST0000637084,4,32,2,0
CUST0000667131,2,26,1,0
CUST0000753818,2,20,1,0
CUST0000853197,2,6,1,0
CUST0000861304,10,15,2,0
CUST0000877767,9,48,2,0
CUST0000886851,3,4,1,0
CUST0000889681,1,1,1,0
CUST0000034023,7,12,1,0
CUST0000059470,1,2,1,0
CUST0000068797,15,21,1,0
CUST0000122993,2,19,1,0
CUST0000184526,8,63,1,0
CUST0000187916,4,13,1,0
CUST0000282130,5,44,1,0
CUST0000314496,4,26,1,0
CUST0000387168,2,6,1,0
CUST0000426681,3,14,1,0
CUST0000455620,1,5,1,0
CUST0000468097,1,9,1,0
CUST0000525324,7,79,2,0
CUST0000541287,4,55,1,0
CUST0000650255,3,15,2,0
CUST0000658739,4,24,1,0
CUST0000677440,1,13,1,0
CUST0000728918,3,16,1,0
CUST0000733029,3,3,1,0
CUST0000753263,4,15,1,0
CUST0000760115,10,32,2,0
CUST0000941365,5,21,3,0
CUST0000952091,2,6,1,0
CUST0000047909,15,40,5,0
CUST0000155767,9,35,1,0
CUST0000198486,6,13,2,0
CUST0000244913,8,33,3,0
CUST0000247100,37,25,3,0
CUST0000259680,4,32,3,0
CUST0000264107,4,35,1,0
CUST0000264835,1,18,1,0
CUST0000296291,1,1,1,0
CUST0000355666,2,30,1,1
CUST0000468686,8,27,5,0
CUST0000501713,1,4,1,0
CUST0000512383,12,47,2,0
CUST0000572321,4,15,1,0
CUST0000582166,2,5,2,0
CUST0000616718,6,37,1,0
CUST0000644004,2,5,2,0
CUST0000699367,7,13,2,0
CUST0000741801,4,27,3,0
CUST0000798179,8,48,4,0
CUST0000822341,2,14,1,0
CUST0000951964,1,3,1,0
CUST0000972290,2,13,1,0
CUST0000006976,3,5,2,0
CUST0000086940,1,3,1,0
CUST0000114775,3,59,2,0
CUST0000121259,3,10,2,0
CUST0000154778,1,7,1,0
CUST0000224524,17,52,3,0
CUST0000268635,1,3,1,0
CUST0000310844,7,44,2,0
CUST0000432330,6,10,1,0
CUST0000435377,2,5,1,0
CUST0000456756,16,35,2,0
CUST0000458602,1,3,1,0
CUST0000460717,11,60,2,0
CUST0000464945,5,52,1,0
CUST0000498770,12,102,3,0
CUST0000545294,1,35,1,0
CUST0000566977,1,11,1,0
CUST0000594351,1,2,1,0
CUST0000594701,5,19,2,0
CUST0000659515,7,52,3,0
CUST0000762118,5,57,1,0
CUST0000831162,11,100,1,0
CUST0000846201,4,6,2,0
CUST0000851860,8,82,2,0
CUST0000931901,3,34,1,0
CUST0000943524,1,1,1,0
CUST0000982155,1,5,1,1
CUST0000984963,3,34,1,0
CUST0000025448,2,48,1,0
CUST0000052443,15,21,1,0
CUST0000054115,5,23,3,0
CUST0000132826,4,20,1,0
CUST0000223725,4,14,2,0
CUST0000228256,4,27,1,0
CUST0000255397,2,6,2,0
CUST0000303755,2,4,1,0
CUST0000372501,2,11,2,0
CUST0000408527,3,34,1,0
CUST0000453430,4,24,2,0
CUST0000487301,1,2,1,0
CUST0000510375,2,25,1,0
CUST0000520415,6,44,1,0
CUST0000605952,1,6,1,1
CUST0000620867,5,56,1,0
CUST0000650694,1,1,1,0
CUST0000807919,1,1,1,0
CUST0000818932,13,62,3,0
CUST0000898386,2,22,2,0
CUST0000898618,2,11,1,0
CUST0000901037,1,6,1,1
CUST0000904408,18,33,2,0
CUST0000945336,1,6,1,0
CUST0000987552,1,2,1,0
CUST0000082523,4,24,1,0
CUST0000094387,2,3,2,1
CUST0000163810,7,17,1,0
CUST0000189657,4,12,2,0
CUST0000208533,12,73,1,0
CUST0000281968,1,3,1,0
CUST0000284103,3,31,1,0
CUST0000298951,3,35,1,0
CUST0000465192,5,10,2,0
CUST0000557898,2,7,2,0
CUST0000567454,1,2,1,0
CUST0000568724,6,16,2,0
CUST0000569235,1,17,1,1
CUST0000657423,4,16,2,0
CUST0000699850,2,4,1,0
CUST0000700137,2,3,1,0
CUST0000782062,1,2,1,0
CUST0000804925,14,12,1,0
CUST0000836042,1,1,1,0
CUST0000866869,1,8,1,0
CUST0000873432,5,51,1,0
CUST0000875143,1,13,1,0
CUST0000877805,1,8,1,0
CUST0000932899,10,34,3,0
CUST0000953220,7,15,1,0
CUST0000954589,6,23,1,0
CUST0000957777,1,1,1,0
CUST0000978956,2,8,1,0
CUST0000979243,3,19,2,0
