CUST_CODE,BASKET_ID,PROD_CODE,STORE_CODE,price_sensitivity
CUST0000001098,2,8,1,1
CUST0000001392,1,17,1,0
CUST0000001437,1,2,1,0
CUST0000002218,1,8,1,0
CUST0000002678,1,2,1,0
CUST0000003190,1,9,1,0
CUST0000003347,1,13,1,0
CUST0000003447,1,16,1,0
CUST0000004239,6,24,1,0
CUST0000004287,3,8,3,0
CUST0000004457,1,31,1,1
CUST0000004696,2,2,1,0
CUST0000004825,1,4,1,1
CUST0000005053,1,9,1,0
CUST0000005874,2,3,1,0
CUST0000006976,1,1,1,0
CUST0000007046,2,18,1,0
CUST0000007988,2,3,2,0
CUST0000008483,1,2,1,0
CUST0000008879,1,1,1,0
CUST0000008910,1,12,1,0
CUST0000009422,2,9,1,0
CUST0000009537,5,9,3,0
CUST0000009737,6,31,2,0
CUST0000010509,1,4,1,1
CUST0000010921,1,1,1,0
CUST0000011068,3,12,1,0
CUST0000011647,2,9,2,0
CUST0000011873,2,13,1,0
CUST0000012470,1,7,1,0
CUST0000013075,1,12,1,0
CUST0000014549,4,12,1,1
CUST0000014840,2,3,2,0
CUST0000015949,2,6,1,0
CUST0000016087,1,1,1,0
CUST0000016376,1,18,1,0
CUST0000016975,3,7,1,1
CUST0000018190,2,3,1,0
CUST0000018943,2,22,1,0
CUST0000019629,2,24,1,0
CUST0000020029,1,5,1,0
CUST0000020571,1,8,1,0
CUST0000021287,2,3,2,0
CUST0000021723,1,10,1,0
CUST0000022234,4,5,3,0
CUST0000023406,1,8,1,0
CUST0000023618,4,16,1,0
CUST0000023876,1,3,1,1
CUST0000025448,1,30,1,0
CUST0000026547,1,1,1,0
CUST0000026732,1,11,1,0
CUST0000027188,2,7,1,1
CUST0000027873,4,11,1,0
CUST0000028109,1,35,1,0
CUST0000029009,2,9,1,1
CUST0000029392,1,16,1,0
CUST0000029587,3,19,2,0
CUST0000029729,2,3,1,0
CUST0000030521,5,20,1,1
CUST0000030585,1,20,1,1
CUST0000031428,1,28,1,0
CUST0000032697,1,1,1,0
CUST0000032813,3,15,2,0
CUST0000033304,1,23,1,0
CUST0000033514,2,3,1,0
CUST0000034023,2,4,1,1
CUST0000035935,1,39,1,0
CUST0000037150,1,2,1,0
CUST0000037542,3,10,1,0
CUST0000037746,2,10,2,0
CUST0000038162,3,9,1,0
CUST0000039024,1,1,1,0
CUST0000039473,4,5,2,0
CUST0000039589,2,11,1,0
CUST0000039828,1,3,1,0
CUST0000040366,6,13,1,1
CUST0000040819,3,31,3,0
CUST0000041142,3,20,1,1
CUST0000041315,1,21,1,1
CUST0000041397,2,21,1,1
CUST0000041637,1,5,1,0
CUST0000041792,2,29,1,0
CUST0000042310,2,22,2,0
CUST0000042921,1,22,1,0
CUST0000043076,3,13,2,0
CUST0000044856,1,9,1,1
CUST0000045451,1,18,1,1
CUST0000046348,1,3,1,0
CUST0000046594,1,4,1,0
CUST0000047027,1,2,1,0
CUST0000047889,1,1,1,0
CUST0000047909,2,19,2,0
CUST0000048091,1,1,1,0
CUST0000048202,1,2,1,0
CUST0000048286,1,7,1,0
CUST0000049075,1,3,1,1
CUST0000049880,1,10,1,1
CUST0000050344,1,21,1,1
CUST0000050558,2,6,1,1
CUST0000051369,1,5,1,0
CUST0000051975,3,10,1,0
CUST0000052443,4,6,1,0
CUST0000053659,2,9,1,0
CUST0000054756,1,4,1,1
CUST0000054804,1,1,1,0
CUST0000055064,3,16,2,0
CUST0000055829,2,26,1,0
CUST0000055931,1,3,1,0
CUST0000056276,1,24,1,1
CUST0000056533,1,12,1,0
CUST0000057033,2,5,1,0
CUST0000057417,3,6,1,0
CUST0000059470,1,2,1,0
CUST0000060410,3,17,1,0
CUST0000060847,4,13,1,0
CUST0000061695,2,3,2,0
CUST0000062236,1,1,1,0
CUST0000062946,3,25,2,0
CUST0000063103,1,9,1,0
CUST0000063646,1,5,1,0
CUST0000065671,1,3,1,0
CUST0000066462,2,2,1,0
CUST0000066762,1,15,1,0
CUST0000068170,3,7,1,0
CUST0000068797,3,13,1,1
CUST0000069624,1,6,1,0
CUST0000071732,4,33,2,0
CUST0000072800,2,12,1,0
CUST0000073199,4,6,2,0
CUST0000073777,1,2,1,0
CUST0000074601,1,19,1,0
CUST0000074825,2,5,1,1
CUST0000075112,1,3,1,0
CUST0000075376,2,43,1,0
CUST0000076078,1,1,1,0
CUST0000076243,1,2,1,0
CUST0000076787,1,19,1,0
CUST0000077708,1,1,1,0
CUST0000077998,1,25,1,0
CUST0000078020,4,4,1,1
CUST0000078777,3,29,1,0
CUST0000078889,3,5,1,0
CUST0000079125,1,9,1,0
CUST0000079207,2,14,1,0
CUST0000081255,3,20,1,0
CUST0000081326,2,7,2,1
CUST0000082523,1,14,1,0
CUST0000083700,1,1,1,0
CUST0000083736,1,2,1,0
CUST0000084449,5,25,3,0
CUST0000084849,1,11,1,0
CUST0000085180,2,14,2,1
CUST0000085396,1,26,1,0
CUST0000085435,1,4,1,0
CUST0000087799,1,15,1,0
CUST0000087850,1,29,1,0
CUST0000087895,1,2,1,0
CUST0000088073,1,6,1,0
CUST0000088232,1,1,1,0
CUST0000088415,6,27,3,0
CUST0000088575,2,10,2,0
CUST0000088955,2,10,2,0
CUST0000089501,1,11,1,0
CUST0000089820,2,17,1,0
CUST0000090508,1,7,1,0
CUST0000090867,1,2,1,0
CUST0000090957,2,11,2,1
CUST0000091625,1,1,1,0
CUST0000091896,3,19,1,0
CUST0000092176,6,28,2,0
CUST0000092201,1,1,1,0
CUST0000092269,3,10,1,1
CUST0000092328,1,12,1,0
CUST0000092460,1,2,1,0
CUST0000092719,1,12,1,0
CUST0000092839,1,2,1,0
CUST0000093607,1,5,1,1
CUST0000095739,1,14,1,0
CUST0000096570,1,10,1,0
CUST0000097252,1,2,1,0
CUST0000097667,2,14,1,0
CUST0000097732,1,16,1,0
CUST0000099315,1,25,1,0
CUST0000099465,1,4,1,0
CUST0000099530,1,8,1,0
CUST0000100629,3,29,3,1
CUST0000100897,2,7,1,0
CUST0000100955,2,8,1,1
CUST0000101162,1,3,1,0
CUST0000102015,2,24,1,0
CUST0000102309,1,1,1,0
CUST0000102383,1,3,1,0
CUST0000103039,1,18,1,0
CUST0000103653,2,19,2,0
CUST0000104035,1,12,1,0
CUST0000104542,4,7,3,0
CUST0000104637,1,3,1,0
CUST0000104986,1,4,1,0
CUST0000105586,1,3,1,1
CUST0000105720,2,3,1,0
CUST0000106639,1,1,1,0
CUST0000107554,1,1,1,0
CUST0000107768,3,34,3,0
CUST0000107770,3,7,3,0
CUST0000109079,2,4,1,1
CUST0000109639,1,2,1,1
CUST0000110607,1,2,1,0
CUST0000112467,2,5,1,1
CUST0000114208,1,29,1,1
CUST0000114492,1,2,1,0
CUST0000114775,1,22,1,0
CUST0000115101,2,10,2,0
CUST0000115970,4,16,3,0
CUST0000117239,2,5,1,0
CUST0000119198,2,10,1,0
CUST0000120088,1,14,1,1
CUST0000120214,1,14,1,0
CUST0000120536,1,6,1,0
CUST0000120837,1,4,1,0
CUST0000121259,1,8,1,0
CUST0000125124,1,3,1,0
CUST0000125421,2,20,1,0
CUST0000126668,3,7,1,0
CUST0000127124,1,11,1,0
CUST0000127498,2,17,1,1
CUST0000129368,1,4,1,0
CUST0000129677,2,19,1,0
CUST0000130658,1,6,1,0
CUST0000130724,1,8,1,0
CUST0000131200,2,2,1,0
CUST0000131491,1,3,1,0
CUST0000131867,1,3,1,0
CUST0000132151,2,9,1,0
CUST0000132213,1,1,1,0
CUST0000132235,6,26,1,0
CUST0000132577,1,21,1,0
CUST0000132826,1,10,1,0
CUST0000133579,1,7,1,0
CUST0000134361,1,12,1,0
CUST0000137569,1,5,1,0
CUST0000137649,1,1,1,1
CUST0000138450,1,2,1,0
CUST0000138580,1,21,1,0
CUST0000138774,4,7,2,0
CUST0000138854,1,35,1,0
CUST0000139227,1,3,1,0
CUST0000139484,1,18,1,0
CUST0000140306,3,27,2,0
CUST0000140438,2,27,1,0
CUST0000141657,2,7,1,0
CUST0000142047,2,3,1,0
CUST0000142262,1,1,1,0
CUST0000142444,4,5,1,0
CUST0000142485,2,12,1,0
CUST0000142590,2,31,1,0
CUST0000143009,1,8,1,0
CUST0000143602,1,13,1,0
CUST0000143770,1,1,1,0
CUST0000144071,2,7,1,0
CUST0000144435,1,7,1,0
CUST0000144492,1,3,1,1
CUST0000145307,1,17,1,0
CUST0000145363,1,10,1,0
CUST0000146770,2,35,1,0
CUST0000147274,2,11,2,1
CUST0000147674,1,4,1,0
CUST0000148783,3,6,1,0
CUST0000149263,1,4,1,1
CUST0000149372,2,14,1,1
CUST0000149391,1,1,1,0
CUST0000149614,1,11,1,0
CUST0000149716,1,2,1,0
CUST0000150282,1,17,1,1
CUST0000151471,3,24,2,0
CUST0000151825,5,16,1,0
CUST0000152233,1,1,1,1
CUST0000154091,2,34,1,0
CUST0000154122,1,18,1,0
CUST0000154806,1,27,1,0
CUST0000155214,4,46,1,0
CUST0000155767,3,13,1,1
CUST0000156198,2,17,1,0
CUST0000156330,1,8,1,1
CUST0000156718,1,1,1,0
CUST0000157162,1,1,1,0
CUST0000157717,2,2,1,0
CUST0000157823,1,5,1,1
CUST0000158354,1,11,1,0
CUST0000158544,2,7,1,1
CUST0000158853,2,18,1,0
CUST0000159682,2,13,1,0
CUST0000159862,1,1,1,0
CUST0000159899,2,3,1,0
CUST0000162349,2,11,1,0
CUST0000162730,3,15,1,0
CUST0000162773,3,23,1,0
CUST0000162850,2,15,2,0
CUST0000163355,3,5,1,0
CUST0000163810,1,3,1,0
CUST0000164214,1,1,1,0
CUST0000165640,3,16,2,0
CUST0000166268,1,1,1,1
CUST0000166295,3,34,2,0
CUST0000166407,1,5,1,0
CUST0000166546,1,27,1,1
CUST0000166674,1,16,1,0
CUST0000166823,2,9,1,1
CUST0000167183,1,2,1,0
CUST0000167586,1,30,1,0
CUST0000168088,1,3,1,0
CUST0000168254,2,2,1,0
CUST0000168297,1,1,1,0
CUST0000168307,1,7,1,0
CUST0000169257,2,11,1,0
CUST0000169377,2,15,2,0
CUST0000169890,1,9,1,0
CUST0000171760,1,3,1,0
CUST0000172939,1,1,1,0
CUST0000173361,1,2,1,0
CUST0000173929,4,6,1,0
CUST0000174325,1,31,1,0
CUST0000175470,1,3,1,0
CUST0000176102,3,5,2,0
CUST0000177169,2,15,2,0
CUST0000177901,1,15,1,0
CUST0000177911,1,8,1,0
CUST0000178509,1,4,1,1
CUST0000178603,1,9,1,1
CUST0000178690,1,1,1,0
CUST0000178986,3,11,1,0
CUST0000179031,2,5,1,0
CUST0000179481,2,12,2,0
CUST0000179746,1,19,1,0
CUST0000179817,5,13,3,0
CUST0000180023,2,3,1,0
CUST0000180434,1,9,1,0
CUST0000180856,2,14,2,0
CUST0000182139,1,10,1,0
CUST0000182451,2,2,1,1
CUST0000182582,4,5,2,0
CUST0000183093,1,7,1,0
CUST0000183225,3,6,1,0
CUST0000183348,1,16,1,0
CUST0000183469,1,2,1,1
CUST0000186979,2,9,1,0
CUST0000187585,3,3,1,0
CUST0000187885,1,1,1,0
CUST0000189657,1,5,1,0
CUST0000191190,1,6,1,0
CUST0000191960,2,11,2,0
CUST0000191983,1,1,1,1
CUST0000193010,3,34,1,0
CUST0000193087,1,2,1,0
CUST0000193773,3,16,1,0
CUST0000194233,1,1,1,0
CUST0000194392,2,16,1,1
CUST0000194547,1,1,1,0
CUST0000195041,1,6,1,0
CUST0000195742,3,18,2,0
CUST0000196385,3,19,1,1
CUST0000196396,1,17,1,0
CUST0000196444,3,26,3,0
CUST0000196773,3,7,1,0
CUST0000197717,1,5,1,0
CUST0000197975,1,7,1,0
CUST0000198486,3,7,2,0
CUST0000199180,1,2,1,0
CUST0000199346,1,28,1,1
CUST0000199355,1,1,1,0
CUST0000199788,2,10,1,0
CUST0000199914,1,19,1,0
CUST0000200588,7,25,1,0
CUST0000200917,2,7,2,0
CUST0000202206,2,16,2,1
CUST0000203059,4,12,1,0
CUST0000203993,1,1,1,0
CUST0000204018,7,11,1,0
CUST0000204216,2,17,1,0
CUST0000205301,2,26,2,0
CUST0000206035,1,19,1,0
CUST0000206442,1,2,1,0
CUST0000206542,3,8,1,0
CUST0000206868,4,37,2,0
CUST0000207778,2,13,1,0
CUST0000208533,2,36,1,0
CUST0000209037,1,21,1,1
CUST0000210083,1,4,1,0
CUST0000211047,1,15,1,0
CUST0000212016,1,8,1,0
CUST0000212216,1,3,1,0
CUST0000212223,1,18,1,0
CUST0000212869,3,9,1,1
CUST0000213955,1,3,1,0
CUST0000214716,1,3,1,0
CUST0000214748,3,19,1,1
CUST0000215521,1,7,1,1
CUST0000215621,4,15,1,0
CUST0000215689,1,9,1,0
CUST0000216101,1,1,1,0
CUST0000217478,1,3,1,0
CUST0000218237,2,4,2,0
CUST0000218633,4,8,2,0
CUST0000219153,2,4,1,0
CUST0000219699,2,13,2,0
CUST0000220115,2,4,1,0
CUST0000220331,4,24,1,0
CUST0000222318,1,8,1,0
CUST0000223076,4,4,1,0
CUST0000224145,1,10,1,0
CUST0000224335,2,2,1,0
CUST0000224516,2,10,1,1
CUST0000224524,5,31,1,0
CUST0000225324,4,7,1,0
CUST0000225754,2,3,1,1
CUST0000225827,4,5,3,0
CUST0000227166,1,2,1,0
CUST0000227536,3,5,2,0
CUST0000227629,1,8,1,1
CUST0000228256,1,16,1,0
CUST0000228788,1,6,1,0
CUST0000229117,2,9,2,1
CUST0000229149,2,14,2,0
CUST0000229327,2,8,1,0
CUST0000229424,2,3,1,1
CUST0000231131,4,13,1,1
CUST0000231364,1,8,1,0
CUST0000231774,2,11,1,0
CUST0000232167,2,5,1,1
CUST0000232172,5,14,1,1
CUST0000232876,1,12,1,0
CUST0000233205,2,8,1,0
CUST0000234190,2,18,2,1
CUST0000234511,1,5,1,0
CUST0000235664,1,3,1,1
CUST0000235779,1,6,1,0
CUST0000236124,1,26,1,0
CUST0000236697,1,12,1,0
CUST0000238658,5,32,1,0
CUST0000238866,2,2,1,0
CUST0000239683,1,6,1,0
CUST0000239699,1,9,1,0
CUST0000239986,2,17,2,0
CUST0000240308,2,12,2,0
CUST0000242140,2,4,1,0
CUST0000242508,1,20,1,1
CUST0000242953,1,10,1,1
CUST0000243024,1,24,1,0
CUST0000244418,1,4,1,1
CUST0000244654,2,5,2,0
CUST0000245024,3,6,1,0
CUST0000246937,1,9,1,0
CUST0000246949,1,10,1,0
CUST0000247100,10,16,4,0
CUST0000248273,2,4,1,1
CUST0000248288,3,9,1,0
CUST0000248441,1,13,1,1
CUST0000248944,2,16,2,0
CUST0000249526,3,7,1,1
CUST0000249670,1,2,1,0
CUST0000249946,2,9,2,0
CUST0000250864,4,7,2,0
CUST0000251863,4,29,2,0
CUST0000253102,1,4,1,1
CUST0000253216,2,13,1,1
CUST0000253573,1,2,1,0
CUST0000253580,1,11,1,0
CUST0000254439,3,8,2,1
CUST0000255397,1,1,1,0
CUST0000255673,1,1,1,0
CUST0000256112,1,2,1,0
CUST0000256243,1,1,1,0
CUST0000257902,1,18,1,0
CUST0000258485,2,3,1,0
CUST0000258532,2,20,1,0
CUST0000258555,1,12,1,0
CUST0000258658,2,4,1,1
CUST0000259129,1,4,1,0
CUST0000259498,2,2,1,1
CUST0000259680,1,1,1,0
CUST0000260697,1,11,1,0
CUST0000261381,1,11,1,0
CUST0000261775,2,12,1,0
CUST0000263844,3,27,2,0
CUST0000263870,1,2,1,0
CUST0000264107,1,13,1,0
CUST0000264835,1,17,1,0
CUST0000265147,1,9,1,0
CUST0000265274,4,28,1,0
CUST0000265367,1,1,1,0
CUST0000265948,1,14,1,0
CUST0000266020,1,1,1,0
CUST0000266722,2,3,1,0
CUST0000267213,3,28,1,0
CUST0000267396,2,17,1,0
CUST0000267507,1,16,1,0
CUST0000267726,1,5,1,0
CUST0000267979,2,5,1,0
CUST0000268127,1,1,1,0
CUST0000268207,1,1,1,0
CUST0000268961,2,21,1,0
CUST0000270350,1,21,1,0
CUST0000270628,1,16,1,0
CUST0000272023,2,7,1,0
CUST0000272582,1,20,1,0
CUST0000272853,5,20,3,1
CUST0000272904,1,2,1,0
CUST0000273560,1,16,1,0
CUST0000273592,3,4,1,1
CUST0000273930,4,20,2,0
CUST0000274139,1,3,1,1
CUST0000276333,2,9,2,0
CUST0000276429,2,4,2,0
CUST0000276604,1,1,1,0
CUST0000276942,1,8,1,0
CUST0000277064,1,9,1,0
CUST0000277675,1,4,1,0
CUST0000277824,1,7,1,0
CUST0000278111,1,3,1,1
CUST0000278887,1,15,1,1
CUST0000279958,1,13,1,1
CUST0000280589,1,7,1,0
CUST0000280694,1,22,1,0
CUST0000281089,2,14,1,1
CUST0000281968,1,5,1,1
CUST0000282130,3,31,1,0
CUST0000282515,1,13,1,0
CUST0000283274,2,15,2,0
CUST0000284343,1,10,1,0
CUST0000285663,1,1,1,0
CUST0000287617,2,3,2,0
CUST0000287937,5,31,1,0
CUST0000288518,1,18,1,0
CUST0000288662,1,6,1,0
CUST0000288788,1,11,1,0
CUST0000289277,1,3,1,0
CUST0000289401,1,1,1,0
CUST0000289425,1,1,1,0
CUST0000290793,1,9,1,0
CUST0000291108,1,14,1,0
CUST0000291212,1,12,1,0
CUST0000291861,2,20,2,1
CUST0000291884,1,30,1,1
CUST0000293131,1,11,1,0
CUST0000293597,1,12,1,1
CUST0000295167,1,3,1,1
CUST0000296204,1,7,1,1
CUST0000297608,4,20,2,0
CUST0000298951,2,23,1,1
CUST0000299174,1,5,1,0
CUST0000299182,1,14,1,0
CUST0000299856,2,2,1,0
CUST0000299905,1,4,1,1
CUST0000300328,1,1,1,0
CUST0000300829,5,18,2,0
CUST0000301267,1,18,1,0
CUST0000301347,1,17,1,0
CUST0000302301,1,7,1,0
CUST0000302355,1,6,1,0
CUST0000302397,2,2,1,1
CUST0000302781,2,5,1,0
CUST0000303021,1,18,1,0
CUST0000303755,1,1,1,0
CUST0000303966,2,12,1,0
CUST0000304008,3,21,2,0
CUST0000305103,3,7,1,1
CUST0000305191,6,44,3,0
CUST0000306198,1,10,1,0
CUST0000306580,1,1,1,0
CUST0000306843,1,5,1,0
CUST0000307007,3,19,3,0
CUST0000307236,1,21,1,0
CUST0000307323,2,5,1,0
CUST0000307693,1,12,1,0
CUST0000308575,2,4,1,0
CUST0000309104,1,7,1,0
CUST0000309109,1,18,1,0
CUST0000309773,1,4,1,0
CUST0000309974,3,14,3,0
CUST0000309981,1,35,1,0
CUST0000310334,6,27,1,0
CUST0000310512,1,7,1,0
CUST0000310786,3,23,1,0
CUST0000310870,1,16,1,0
CUST0000311051,1,6,1,0
CUST0000311496,1,2,1,0
CUST0000312303,2,6,1,1
CUST0000312927,1,5,1,0
CUST0000313011,1,20,1,1
CUST0000313963,5,25,2,0
CUST0000314165,1,6,1,0
CUST0000314496,1,11,1,1
CUST0000314931,2,20,1,1
CUST0000315095,2,3,1,1
CUST0000315693,2,5,2,0
CUST0000316653,2,10,1,0
CUST0000317407,1,5,1,1
CUST0000318461,1,3,1,0
CUST0000319945,1,2,1,1
CUST0000320138,1,15,1,0
CUST0000320358,1,27,1,0
CUST0000321957,1,18,1,0
CUST0000322183,1,14,1,0
CUST0000322541,4,10,1,0
CUST0000324222,1,7,1,1
CUST0000325310,1,4,1,0
CUST0000325862,1,6,1,0
CUST0000325897,3,19,1,0
CUST0000326043,1,13,1,0
CUST0000326328,1,2,1,0
CUST0000326357,2,15,1,0
CUST0000326502,1,3,1,0
CUST0000326711,1,6,1,1
CUST0000326875,1,1,1,1
CUST0000326951,1,3,1,0
CUST0000327218,1,1,1,0
CUST0000327274,2,6,1,0
CUST0000327293,1,7,1,0
CUST0000328011,2,8,2,0
CUST0000329284,1,1,1,0
CUST0000329314,1,3,1,1
CUST0000329411,2,13,2,0
CUST0000329564,1,1,1,1
CUST0000329724,1,9,1,0
CUST0000331413,3,20,1,0
CUST0000332648,1,15,1,0
CUST0000332689,3,6,1,0
CUST0000332983,2,4,1,1
CUST0000333947,1,2,1,0
CUST0000335542,2,8,1,1
CUST0000337031,3,22,2,1
CUST0000337081,1,2,1,0
CUST0000338613,1,28,1,0
CUST0000338923,3,21,3,1
CUST0000339139,1,17,1,0
CUST0000341255,3,8,1,0
CUST0000341306,1,22,1,0
CUST0000342078,2,3,1,0
CUST0000342129,2,3,1,1
CUST0000342959,2,30,1,0
CUST0000344295,6,21,2,0
CUST0000344976,1,7,1,0
CUST0000345094,2,23,1,1
CUST0000345364,2,14,2,0
CUST0000345373,1,2,1,1
CUST0000346167,2,8,1,1
CUST0000346251,1,10,1,0
CUST0000346556,1,15,1,0
CUST0000346656,2,4,1,0
CUST0000347309,3,8,1,0
CUST0000347438,3,6,1,1
CUST0000347503,2,10,1,0
CUST0000347842,1,9,1,0
CUST0000348012,1,2,1,0
CUST0000348123,1,7,1,0
CUST0000348557,3,19,1,0
CUST0000349056,1,1,1,0
CUST0000349837,1,8,1,0
CUST0000350221,5,23,1,0
CUST0000350521,1,25,1,0
CUST0000350599,2,15,2,0
CUST0000353655,1,23,1,0
CUST0000355108,1,9,1,0
CUST0000355428,1,18,1,1
CUST0000355981,5,14,3,0
CUST0000356000,2,9,1,0
CUST0000356067,1,26,1,1
CUST0000356601,1,2,1,0
CUST0000357109,1,1,1,0
CUST0000357650,1,7,1,0
CUST0000357863,1,1,1,0
CUST0000357913,1,6,1,0
CUST0000359289,2,9,1,0
CUST0000359344,1,4,1,1
CUST0000359417,2,24,2,0
CUST0000359521,1,1,1,0
CUST0000359752,1,12,1,0
CUST0000359859,1,2,1,0
CUST0000359971,7,20,1,1
CUST0000360110,2,22,2,0
CUST0000360289,2,24,1,0
CUST0000361910,1,2,1,0
CUST0000362355,1,13,1,0
CUST0000362478,1,2,1,0
CUST0000362601,1,15,1,0
CUST0000362694,1,7,1,0
CUST0000363059,1,6,1,0
CUST0000365429,1,50,1,0
CUST0000365930,2,3,1,0
CUST0000366451,1,3,1,0
CUST0000366661,3,2,1,0
CUST0000367221,1,2,1,0
CUST0000367454,2,2,1,0
CUST0000369556,1,23,1,0
CUST0000369681,1,7,1,0
CUST0000369937,4,10,2,0
CUST0000370059,4,38,1,0
CUST0000370276,2,9,1,0
CUST0000370293,2,8,1,1
CUST0000371087,1,22,1,0
CUST0000371191,2,7,1,1
CUST0000371949,1,5,1,0
CUST0000372036,1,7,1,0
CUST0000372533,5,15,1,1
CUST0000373241,1,1,1,0
CUST0000373737,1,2,1,0
CUST0000373826,1,8,1,0
CUST0000373868,1,24,1,0
CUST0000373894,1,5,1,0
CUST0000374335,1,23,1,1
CUST0000374744,1,22,1,0
CUST0000375648,4,41,2,0
CUST0000375659,1,8,1,0
CUST0000375691,1,17,1,0
CUST0000376140,2,27,1,0
CUST0000376193,3,21,2,0
CUST0000377107,1,2,1,0
CUST0000378373,1,10,1,0
CUST0000378677,3,10,2,0
CUST0000378735,3,32,1,0
CUST0000379126,1,2,1,0
CUST0000379452,1,10,1,1
CUST0000379472,2,13,1,0
CUST0000379903,1,3,1,0
CUST0000380224,5,24,1,0
CUST0000384711,1,2,1,1
CUST0000385012,1,2,1,0
CUST0000385231,3,26,2,1
CUST0000385376,1,2,1,0
CUST0000385508,4,13,3,0
CUST0000386369,1,2,1,0
CUST0000386495,1,21,1,0
CUST0000388176,7,30,1,0
CUST0000388585,1,10,1,0
CUST0000388652,1,5,1,1
CUST0000389267,1,14,1,0
CUST0000391025,1,17,1,0
CUST0000391382,3,11,2,0
CUST0000392574,1,5,1,0
CUST0000393495,1,7,1,1
CUST0000393638,1,13,1,0
CUST0000394724,2,17,1,0
CUST0000395515,1,4,1,0
CUST0000395732,1,4,1,0
CUST0000396231,5,37,2,0
CUST0000396745,2,12,1,0
CUST0000396827,2,4,1,1
CUST0000397207,2,7,1,1
CUST0000397266,1,12,1,1
CUST0000397540,3,21,1,0
CUST0000397821,1,9,1,0
CUST0000398363,1,5,1,0
CUST0000398616,4,13,2,0
CUST0000398784,4,15,2,0
CUST0000399733,1,4,1,0
CUST0000400134,1,14,1,0
CUST0000400484,1,3,1,0
CUST0000400678,2,35,1,0
CUST0000402237,2,35,1,0
CUST0000402467,5,21,2,0
CUST0000402511,2,6,1,1
CUST0000403048,2,4,2,1
CUST0000406083,3,18,2,0
CUST0000406818,1,10,1,0
CUST0000407072,2,11,2,0
CUST0000407130,2,13,2,0
CUST0000407194,1,3,1,0
CUST0000407343,1,15,1,1
CUST0000407532,2,2,2,1
CUST0000408366,3,2,1,0
CUST0000408901,1,6,1,0
CUST0000409997,1,6,1,1
CUST0000410228,2,13,1,0
CUST0000411364,1,12,1,1
CUST0000411707,1,36,1,1
CUST0000411972,1,2,1,1
CUST0000412288,1,3,1,1
CUST0000412870,1,18,1,0
CUST0000412928,3,11,2,1
CUST0000413197,1,26,1,0
CUST0000413598,1,3,1,0
CUST0000413715,1,11,1,0
CUST0000414892,2,9,1,1
CUST0000414915,1,11,1,0
CUST0000415029,1,10,1,0
CUST0000415718,1,1,1,0
CUST0000417955,1,19,1,0
CUST0000419789,1,6,1,0
CUST0000419849,2,6,2,0
CUST0000420072,1,7,1,0
CUST0000420781,1,6,1,0
CUST0000422099,1,5,1,0
CUST0000422872,3,4,1,0
CUST0000422914,2,26,1,0
CUST0000423539,2,13,2,0
CUST0000423572,2,6,1,0
CUST0000424386,2,7,1,0
CUST0000424608,1,10,1,0
CUST0000425467,2,3,1,1
CUST0000425522,2,4,2,1
CUST0000425541,3,14,1,0
CUST0000425566,1,1,1,0
CUST0000425586,1,3,1,1
CUST0000425649,1,11,1,0
CUST0000425755,3,23,1,0
CUST0000425801,1,16,1,0
CUST0000426107,1,3,1,0
CUST0000426871,4,15,2,0
CUST0000427023,1,24,1,0
CUST0000428608,3,3,1,1
CUST0000429946,1,2,1,1
CUST0000430659,2,7,1,0
CUST0000431015,1,2,1,0
CUST0000432169,1,15,1,0
CUST0000433392,1,3,1,0
CUST0000433913,1,4,1,0
CUST0000434767,1,13,1,0
CUST0000434868,1,15,1,0
CUST0000436351,4,14,3,0
CUST0000437337,2,22,1,0
CUST0000437882,4,11,1,0
CUST0000438072,1,6,1,1
CUST0000438736,4,17,1,0
CUST0000438964,3,13,2,0
CUST0000439239,2,14,2,0
CUST0000439279,1,6,1,0
CUST0000439615,4,31,1,1
CUST0000439775,1,1,1,0
CUST0000440403,1,23,1,1
CUST0000440411,2,13,2,1
CUST0000440798,1,16,1,0
CUST0000441667,2,7,1,1
CUST0000442152,1,3,1,0
CUST0000442461,2,22,1,1
CUST0000444515,4,11,3,0
CUST0000444973,2,23,1,0
CUST0000445045,1,22,1,0
CUST0000445287,1,1,1,0
CUST0000445856,1,19,1,1
CUST0000446407,1,1,1,0
CUST0000446479,1,2,1,1
CUST0000446480,6,11,1,0
CUST0000447348,2,5,1,0
CUST0000448187,1,14,1,0
CUST0000449125,5,26,2,0
CUST0000450325,1,11,1,1
CUST0000450574,1,1,1,0
CUST0000452520,4,13,1,0
CUST0000452948,1,1,1,0
CUST0000453088,1,3,1,0
CUST0000453430,1,17,1,1
CUST0000453681,2,14,1,1
CUST0000453780,1,4,1,0
CUST0000454041,1,2,1,1
CUST0000454947,3,18,1,0
CUST0000455765,1,23,1,1
CUST0000456145,1,10,1,0
CUST0000456220,6,37,1,0
CUST0000456286,2,5,2,0
CUST0000456347,1,12,1,0
CUST0000456756,2,10,1,1
CUST0000456966,2,26,2,0
CUST0000456991,1,3,1,0
CUST0000457031,1,3,1,0
CUST0000457079,2,14,1,1
CUST0000457990,1,1,1,0
CUST0000458113,1,23,1,0
CUST0000458484,1,7,1,0
CUST0000459055,1,7,1,0
CUST0000459098,2,8,2,0
CUST0000459283,1,2,1,0
CUST0000460717,4,23,1,0
CUST0000461309,1,24,1,0
CUST0000461568,5,18,1,1
CUST0000463293,3,20,2,0
CUST0000463400,1,13,1,1
CUST0000463469,2,3,2,0
CUST0000463779,1,4,1,0
CUST0000464501,3,16,1,0
CUST0000464945,1,21,1,0
CUST0000465054,2,14,1,0
CUST0000465173,1,34,1,0
CUST0000465192,1,1,1,0
CUST0000465685,1,15,1,0
CUST0000467095,2,3,1,0
CUST0000467422,1,21,1,0
CUST0000467424,1,6,1,1
CUST0000467493,3,9,1,0
CUST0000468282,1,4,1,0
CUST0000468430,1,2,1,1
CUST0000468686,1,1,1,0
CUST0000469026,1,9,1,0
CUST0000470325,2,4,1,1
CUST0000471643,2,27,1,0
CUST0000472833,1,2,1,0
CUST0000473868,6,10,2,1
CUST0000473962,2,4,1,0
CUST0000474286,5,15,2,0
CUST0000474340,1,1,1,0
CUST0000474466,1,15,1,0
CUST0000474829,1,3,1,1
CUST0000474951,1,7,1,0
CUST0000475113,1,28,1,0
CUST0000475599,3,9,3,0
CUST0000476201,4,19,1,0
CUST0000476309,4,24,1,0
CUST0000476611,1,14,1,0
CUST0000476769,1,4,1,0
CUST0000477841,2,18,1,0
CUST0000478905,2,17,2,0
CUST0000479155,1,5,1,1
CUST0000479335,3,9,1,0
CUST0000480003,3,8,1,0
CUST0000480643,7,14,2,0
CUST0000481090,2,20,2,0
CUST0000483138,2,15,2,0
CUST0000483557,2,6,1,0
CUST0000484388,1,4,1,1
CUST0000485086,1,7,1,0
CUST0000485331,1,13,1,0
CUST0000485726,1,19,1,0
CUST0000485988,2,25,1,1
CUST0000486332,1,2,1,0
CUST0000487322,7,14,1,0
CUST0000487479,6,14,3,0
CUST0000487663,1,8,1,0
CUST0000488624,2,16,2,0
CUST0000488814,2,23,1,0
CUST0000490625,2,9,1,0
CUST0000491009,1,8,1,1
CUST0000491694,3,15,2,0
CUST0000491740,2,13,2,0
CUST0000492279,1,2,1,0
CUST0000494424,1,7,1,0
CUST0000494754,1,4,1,0
CUST0000496531,2,5,2,1
CUST0000497338,1,5,1,0
CUST0000497560,2,3,1,0
CUST0000497628,1,39,1,1
CUST0000498770,1,3,1,0
CUST0000499553,2,2,2,0
CUST0000499555,2,5,2,0
CUST0000501747,2,3,1,0
CUST0000503278,3,9,1,0
CUST0000503994,1,5,1,0
CUST0000504497,2,4,1,1
CUST0000505066,1,2,1,0
CUST0000505515,3,11,2,0
CUST0000506100,1,1,1,0
CUST0000506713,2,7,1,0
CUST0000506991,1,1,1,0
CUST0000507089,1,1,1,0
CUST0000507316,2,20,1,0
CUST0000507386,2,17,2,1
CUST0000507862,1,5,1,0
CUST0000509133,1,12,1,0
CUST0000509150,2,5,1,0
CUST0000509290,6,23,1,0
CUST0000509394,1,1,1,1
CUST0000509602,1,11,1,0
CUST0000510375,1,4,1,0
CUST0000511388,1,17,1,1
CUST0000511527,3,12,1,1
CUST0000511779,2,14,1,0
CUST0000512383,5,25,1,0
CUST0000513193,3,21,2,0
CUST0000514177,2,19,1,0
CUST0000515740,3,15,1,0
CUST0000516705,4,19,1,0
CUST0000517648,1,4,1,0
CUST0000517865,1,15,1,1
CUST0000519097,1,7,1,0
CUST0000519294,1,13,1,1
CUST0000520373,2,18,2,1
CUST0000520456,2,5,2,0
CUST0000520652,1,5,1,0
CUST0000520823,1,12,1,0
CUST0000520937,1,2,1,0
CUST0000521752,1,2,1,0
CUST0000523118,3,19,1,1
CUST0000523142,1,18,1,0
CUST0000523249,2,14,1,0
CUST0000524577,2,4,1,1
CUST0000524835,4,17,1,0
CUST0000525324,1,18,1,0
CUST0000526081,2,4,1,0
CUST0000526114,3,12,2,0
CUST0000526506,3,6,1,1
CUST0000527105,3,39,1,0
CUST0000527535,1,2,1,0
CUST0000528480,3,3,1,0
CUST0000528616,1,19,1,0
CUST0000528846,1,14,1,0
CUST0000529313,1,2,1,0
CUST0000529423,2,27,1,0
CUST0000529677,4,28,2,0
CUST0000530119,3,21,1,0
CUST0000530406,4,31,1,0
CUST0000530875,1,10,1,1
CUST0000531338,1,7,1,0
CUST0000531435,2,21,2,0
CUST0000531481,2,7,1,0
CUST0000531741,1,6,1,1
CUST0000531824,1,1,1,0
CUST0000534245,1,24,1,0
CUST0000534608,3,11,2,0
CUST0000535175,1,4,1,0
CUST0000535362,2,4,1,0
CUST0000535926,1,3,1,1
CUST0000536421,1,1,1,0
CUST0000536422,2,10,1,0
CUST0000536902,3,7,1,1
CUST0000537147,1,15,1,0
CUST0000538028,6,29,1,1
CUST0000538623,1,8,1,0
CUST0000538692,2,2,1,0
CUST0000540675,2,6,1,0
CUST0000540703,4,2,1,0
CUST0000541287,1,3,1,0
CUST0000542234,1,4,1,0
CUST0000542772,2,6,1,1
CUST0000544094,1,2,1,0
CUST0000544383,1,3,1,1
CUST0000544452,2,2,2,0
CUST0000545161,1,2,1,1
CUST0000545294,1,27,1,0
CUST0000545821,1,35,1,0
CUST0000546350,1,32,1,0
CUST0000547003,1,2,1,0
CUST0000547165,2,20,2,0
CUST0000547631,1,2,1,1
CUST0000548473,1,1,1,0
CUST0000548875,1,5,1,0
CUST0000549621,2,28,2,0
CUST0000550640,3,13,2,0
CUST0000550895,2,4,1,1
CUST0000550948,3,14,1,0
CUST0000551617,1,3,1,0
CUST0000551656,2,3,1,1
CUST0000551973,1,12,1,0
CUST0000552095,1,1,1,0
CUST0000552556,1,38,1,0
CUST0000554420,1,8,1,1
CUST0000554451,2,19,2,1
CUST0000554500,2,7,2,0
CUST0000554531,2,2,1,0
CUST0000554969,1,8,1,0
CUST0000555011,5,10,2,0
CUST0000555247,1,5,1,0
CUST0000555393,2,6,1,0
CUST0000555929,1,1,1,0
CUST0000556279,2,29,1,0
CUST0000556584,1,11,1,0
CUST0000556668,1,4,1,1
CUST0000556820,1,1,1,0
CUST0000557102,1,20,1,0
CUST0000557313,2,7,2,0
CUST0000557852,2,5,2,1
CUST0000558202,4,8,1,1
CUST0000558339,4,5,1,0
CUST0000558717,1,11,1,0
CUST0000558880,2,25,1,0
CUST0000559052,1,7,1,0
CUST0000559848,1,1,1,0
CUST0000561099,1,6,1,0
CUST0000561300,4,13,2,1
CUST0000561413,1,8,1,0
CUST0000561506,2,13,1,0
CUST0000563675,1,2,1,0
CUST0000564620,1,4,1,0
CUST0000565865,1,3,1,0
CUST0000566123,3,11,2,0
CUST0000566259,1,5,1,0
CUST0000566571,5,20,1,1
CUST0000566711,2,8,1,0
CUST0000567102,3,10,2,0
CUST0000567295,4,6,2,0
CUST0000568084,1,8,1,0
CUST0000568148,1,11,1,0
CUST0000568633,1,8,1,1
CUST0000568724,4,8,2,0
CUST0000568930,3,6,2,0
CUST0000569377,1,34,1,0
CUST0000569531,2,6,1,1
CUST0000570805,1,17,1,1
CUST0000571445,2,7,1,0
CUST0000571830,2,5,1,0
CUST0000572442,2,5,2,0
CUST0000573047,4,16,1,0
CUST0000573324,1,3,1,1
CUST0000573349,1,1,1,0
CUST0000573657,2,10,1,0
CUST0000573752,2,6,2,0
CUST0000573884,2,13,1,0
CUST0000574637,2,17,1,0
CUST0000574975,1,3,1,1
CUST0000575098,3,4,1,1
CUST0000576210,2,13,1,0
CUST0000578851,3,15,2,0
CUST0000579396,1,8,1,1
CUST0000579771,2,30,1,0
CUST0000580999,5,19,2,0
CUST0000582126,1,4,1,0
CUST0000582166,1,5,1,0
CUST0000583043,1,2,1,0
CUST0000583570,2,4,1,0
CUST0000584930,2,11,1,0
CUST0000585013,1,21,1,0
CUST0000585638,1,1,1,0
CUST0000585874,5,39,1,0
CUST0000586590,2,6,1,0
CUST0000586811,6,20,2,0
CUST0000587521,5,15,1,0
CUST0000587584,3,8,1,0
CUST0000587787,4,47,1,0
CUST0000588201,3,9,1,0
CUST0000588390,2,4,1,0
CUST0000588614,1,6,1,1
CUST0000588827,1,4,1,1
CUST0000589449,2,24,2,1
CUST0000589596,3,15,2,0
CUST0000589718,1,4,1,1
CUST0000589724,1,5,1,0
CUST0000589818,1,4,1,0
CUST0000590320,1,14,1,0
CUST0000590653,1,2,1,1
CUST0000591774,1,2,1,0
CUST0000591919,2,4,1,1
CUST0000592165,1,17,1,1
CUST0000592884,4,27,2,0
CUST0000594668,1,9,1,1
CUST0000594701,1,3,1,0
CUST0000594823,1,3,1,0
CUST0000595140,1,1,1,0
CUST0000595380,3,45,1,0
CUST0000595400,1,1,1,0
CUST0000595675,8,24,2,0
CUST0000597770,1,17,1,0
CUST0000598011,1,18,1,0
CUST0000600338,2,2,1,1
CUST0000601102,4,25,1,0
CUST0000602024,2,1,1,0
CUST0000602766,1,1,1,0
CUST0000603155,1,15,1,0
CUST0000603565,1,7,1,1
CUST0000603688,5,24,1,0
CUST0000604900,1,2,1,0
CUST0000605174,1,1,1,0
CUST0000605594,1,2,1,0
CUST0000606400,3,6,1,1
CUST0000607616,1,1,1,1
CUST0000607766,1,17,1,0
CUST0000608508,2,11,1,0
CUST0000608511,1,34,1,0
CUST0000608620,4,29,1,0
CUST0000609232,3,12,1,1
CUST0000609569,2,9,2,0
CUST0000609675,3,19,1,0
CUST0000610089,4,8,2,0
CUST0000610428,1,3,1,0
CUST0000610573,1,1,1,0
CUST0000611030,1,10,1,1
CUST0000611134,1,12,1,0
CUST0000611296,1,1,1,0
CUST0000611821,1,2,1,0
CUST0000611895,3,2,2,0
CUST0000612267,1,21,1,0
CUST0000612602,1,11,1,0
CUST0000613769,2,6,1,0
CUST0000614278,2,18,1,0
CUST0000615829,5,7,2,0
CUST0000616650,1,4,1,0
CUST0000616718,2,6,1,0
CUST0000618910,1,5,1,0
CUST0000618985,4,14,3,0
CUST0000619787,5,20,1,0
CUST0000620533,2,6,1,0
CUST0000620656,1,4,1,0
CUST0000620867,1,16,1,0
CUST0000620929,1,14,1,1
CUST0000621772,3,5,1,1
CUST0000621860,1,8,1,0
CUST0000622126,6,23,1,0
CUST0000622531,1,6,1,0
CUST0000622665,3,23,1,1
CUST0000623303,2,28,1,1
CUST0000624842,3,11,2,0
CUST0000626899,4,15,2,0
CUST0000627626,4,24,2,1
CUST0000627983,1,20,1,0
CUST0000628056,1,7,1,1
CUST0000628705,1,2,1,1
CUST0000628773,1,2,1,0
CUST0000629332,2,8,2,0
CUST0000629569,2,9,1,0
CUST0000629704,1,11,1,1
CUST0000631712,1,3,1,1
CUST0000631798,3,3,1,0
CUST0000631856,1,23,1,0
CUST0000632050,1,7,1,1
CUST0000633336,1,18,1,0
CUST0000634671,5,12,3,0
CUST0000634693,2,8,1,1
CUST0000634784,2,16,1,1
CUST0000634919,1,23,1,0
CUST0000635024,1,3,1,0
CUST0000635984,3,11,1,0
CUST0000636231,1,12,1,0
CUST0000637084,1,20,1,0
CUST0000637566,4,23,3,0
CUST0000638436,4,32,2,0
CUST0000639274,2,11,1,0
CUST0000639430,1,5,1,0
CUST0000639530,1,5,1,0
CUST0000639926,1,14,1,0
CUST0000640095,4,11,1,1
CUST0000640214,1,16,1,0
CUST0000640695,4,21,2,0
CUST0000641059,1,19,1,0
CUST0000642103,1,3,1,0
CUST0000642434,1,22,1,0
CUST0000642489,1,8,1,0
CUST0000642605,2,3,1,1
CUST0000643225,1,30,1,1
CUST0000643410,1,11,1,1
CUST0000644004,3,23,1,0
CUST0000644632,2,13,1,0
CUST0000645660,1,29,1,1
CUST0000645774,2,4,1,0
CUST0000646404,1,9,1,0
CUST0000647016,1,1,1,0
CUST0000647120,1,15,1,0
CUST0000648182,1,8,1,0
CUST0000648398,2,13,2,0
CUST0000648788,5,32,3,0
CUST0000649759,1,10,1,0
CUST0000650255,1,5,1,0
CUST0000650694,1,2,1,0
CUST0000651261,1,9,1,0
CUST0000651826,3,7,1,0
CUST0000652579,1,6,1,0
CUST0000654017,2,10,2,0
CUST0000654184,1,16,1,0
CUST0000654686,1,2,1,0
CUST0000654951,1,2,1,0
CUST0000655437,1,1,1,0
CUST0000655617,3,13,1,0
CUST0000655620,5,27,1,0
CUST0000656130,1,29,1,0
CUST0000657924,3,8,1,1
CUST0000658225,1,4,1,0
CUST0000658490,2,9,1,0
CUST0000658589,1,8,1,0
CUST0000658739,1,1,1,0
CUST0000659515,2,26,1,1
CUST0000660590,2,3,2,0
CUST0000661598,2,3,1,1
CUST0000664070,1,5,1,1
CUST0000664278,1,3,1,0
CUST0000664767,1,1,1,0
CUST0000665019,1,12,1,0
CUST0000665049,2,12,2,0
CUST0000665227,2,4,1,1
CUST0000665835,1,3,1,1
CUST0000666276,3,45,1,0
CUST0000667692,1,1,1,0
CUST0000668209,1,9,1,0
CUST0000668892,1,4,1,0
CUST0000670118,2,4,2,1
CUST0000670207,4,14,1,0
CUST0000670504,1,3,1,1
CUST0000670676,2,25,1,0
CUST0000670736,1,30,1,0
CUST0000671085,1,16,1,0
CUST0000671253,1,3,1,0
CUST0000672261,1,7,1,0
CUST0000672263,1,1,1,0
CUST0000672612,2,3,1,0
CUST0000672665,1,12,1,0
CUST0000674288,2,12,1,0
CUST0000674832,2,5,2,0
CUST0000675797,1,2,1,0
CUST0000676167,5,26,1,1
CUST0000676746,1,10,1,1
CUST0000676995,1,3,1,0
CUST0000677070,3,14,1,0
CUST0000679226,5,22,1,1
CUST0000679706,1,10,1,0
CUST0000679894,1,2,1,1
CUST0000680311,1,6,1,0
CUST0000680928,3,29,1,0
CUST0000680983,1,7,1,0
CUST0000681047,1,11,1,0
CUST0000681735,1,10,1,0
CUST0000681997,2,15,2,0
CUST0000682462,7,29,1,0
CUST0000683554,3,11,1,0
CUST0000683624,3,6,1,1
CUST0000685886,2,16,1,0
CUST0000686158,5,14,4,0
CUST0000686580,2,12,2,1
CUST0000687027,1,5,1,0
CUST0000687717,1,1,1,0
CUST0000688872,4,4,1,0
CUST0000689800,6,22,1,1
CUST0000690291,1,7,1,0
CUST0000690650,1,20,1,0
CUST0000692015,2,2,1,0
CUST0000692260,1,12,1,0
CUST0000692661,2,11,1,1
CUST0000692984,1,13,1,1
CUST0000693113,2,31,2,0
CUST0000693737,4,16,1,0
CUST0000693928,7,46,3,0
CUST0000694366,1,15,1,0
CUST0000695407,1,8,1,1
CUST0000695418,1,20,1,0
CUST0000696106,2,14,2,0
CUST0000696692,1,4,1,0
CUST0000696851,1,1,1,0
CUST0000697061,1,13,1,0
CUST0000697113,1,7,1,0
CUST0000697356,1,4,1,0
CUST0000697443,1,11,1,0
CUST0000697528,1,1,1,0
CUST0000697836,2,4,1,0
CUST0000698395,3,29,2,0
CUST0000698770,1,21,1,0
CUST0000699276,1,8,1,0
CUST0000699367,1,3,1,0
CUST0000699414,1,7,1,0
CUST0000699742,5,26,3,0
CUST0000701603,3,24,1,0
CUST0000703243,1,17,1,0
CUST0000703444,1,3,1,0
CUST0000705251,2,3,1,0
CUST0000706178,1,7,1,1
CUST0000706915,3,4,1,0
CUST0000707553,2,15,1,0
CUST0000707875,2,6,2,1
CUST0000708714,2,5,1,1
CUST0000709525,1,9,1,0
CUST0000710421,1,13,1,0
CUST0000711167,1,11,1,1
CUST0000712188,5,29,1,0
CUST0000713877,1,12,1,0
CUST0000713934,2,10,2,1
CUST0000714089,2,2,2,0
CUST0000715467,1,9,1,0
CUST0000716624,2,15,1,0
CUST0000717077,1,13,1,0
CUST0000717337,3,12,2,0
CUST0000720813,3,8,2,0
CUST0000721845,1,7,1,0
CUST0000722230,4,20,3,0
CUST0000723002,1,1,1,0
CUST0000723580,1,5,1,1
CUST0000724190,2,2,2,1
CUST0000724205,1,1,1,1
CUST0000724208,1,5,1,0
CUST0000724406,2,2,2,1
CUST0000724424,1,14,1,0
CUST0000724998,2,6,2,0
CUST0000725494,1,5,1,0
CUST0000725725,1,7,1,0
CUST0000726295,5,8,1,0
CUST0000726543,2,25,1,0
CUST0000727215,1,2,1,0
CUST0000728164,5,16,2,0
CUST0000730353,1,14,1,0
CUST0000730614,3,5,2,0
CUST0000731373,1,2,1,0
CUST0000732836,4,6,2,0
CUST0000733209,1,1,1,0
CUST0000733822,1,2,1,1
CUST0000733828,4,6,1,0
CUST0000734005,1,28,1,1
CUST0000734039,1,7,1,0
CUST0000734827,1,12,1,0
CUST0000736259,6,11,2,1
CUST0000737373,7,31,2,0
CUST0000737688,1,6,1,0
CUST0000737915,1,5,1,0
CUST0000739208,1,2,1,1
CUST0000739370,1,24,1,0
CUST0000740028,1,18,1,0
CUST0000740133,4,6,1,0
CUST0000741143,1,17,1,0
CUST0000741224,4,8,1,1
CUST0000742196,2,9,2,0
CUST0000742968,1,4,1,0
CUST0000743676,2,44,1,1
CUST0000744271,2,16,1,1
CUST0000744571,2,27,1,0
CUST0000744787,3,16,1,1
CUST0000744925,2,5,1,1
CUST0000745995,2,2,1,0
CUST0000746234,1,6,1,0
CUST0000746315,2,13,1,0
CUST0000746359,6,17,1,0
CUST0000746502,4,7,1,0
CUST0000746630,1,18,1,0
CUST0000747426,3,20,2,0
CUST0000749091,1,1,1,0
CUST0000749264,1,3,1,1
CUST0000750072,2,6,1,0
CUST0000750549,4,26,1,1
CUST0000751821,5,47,2,0
CUST0000752545,1,3,1,0
CUST0000752715,2,16,1,1
CUST0000753263,1,6,1,1
CUST0000753421,1,8,1,0
CUST0000755734,1,10,1,0
CUST0000757203,1,15,1,0
CUST0000757582,1,1,1,0
CUST0000758238,1,5,1,0
CUST0000758911,3,18,2,0
CUST0000759603,1,5,1,1
CUST0000759771,1,1,1,1
CUST0000759949,2,23,2,0
CUST0000760115,4,13,1,0
CUST0000760393,1,19,1,0
CUST0000761005,1,18,1,1
CUST0000762118,1,3,1,0
CUST0000762485,1,1,1,1
CUST0000763030,1,21,1,0
CUST0000763659,1,4,1,1
CUST0000764077,1,20,1,0
CUST0000764276,1,13,1,0
CUST0000764520,1,12,1,0
CUST0000765723,5,19,1,1
CUST0000766155,1,1,1,0
CUST0000766169,1,3,1,0
CUST0000766193,1,7,1,0
CUST0000767141,1,2,1,1
CUST0000767244,1,1,1,0
CUST0000767525,1,11,1,0
CUST0000767888,1,20,1,0
CUST0000768393,1,17,1,0
CUST0000769692,2,3,1,1
CUST0000770451,1,5,1,0
CUST0000771758,1,5,1,1
CUST0000772274,3,5,1,0
CUST0000772608,2,11,1,0
CUST0000772661,1,5,1,0
CUST0000775362,1,4,1,0
CUST0000775922,1,7,1,0
CUST0000776056,1,38,1,1
CUST0000776068,1,21,1,0
CUST0000776591,1,4,1,1
CUST0000777126,1,4,1,1
CUST0000777452,1,4,1,1
CUST0000777842,2,22,1,0
CUST0000778224,3,12,3,0
CUST0000780652,1,3,1,0
CUST0000780835,2,6,1,0
CUST0000780880,2,4,1,0
CUST0000781005,1,16,1,0
CUST0000781190,1,1,1,0
CUST0000782246,4,28,1,0
CUST0000782600,1,3,1,0
CUST0000782631,2,19,2,0
CUST0000783073,1,3,1,0
CUST0000783946,1,2,1,0
CUST0000784004,3,12,2,0
CUST0000784006,1,6,1,0
CUST0000784298,1,15,1,0
CUST0000785295,1,14,1,0
CUST0000785369,2,6,1,0
CUST0000785583,1,3,1,0
CUST0000785769,1,6,1,0
CUST0000786243,1,14,1,0
CUST0000787661,1,1,1,1
CUST0000788616,5,38,3,0
CUST0000789114,1,2,1,0
CUST0000789574,2,5,2,0
CUST0000790691,3,35,1,0
CUST0000792272,1,14,1,1
CUST0000793074,6,31,2,0
CUST0000793465,1,30,1,0
CUST0000794349,2,21,2,0
CUST0000794394,1,3,1,1
CUST0000794691,1,1,1,0
CUST0000794797,4,35,2,1
CUST0000795313,1,2,1,0
CUST0000796287,4,20,2,0
CUST0000796363,1,19,1,0
CUST0000797094,3,16,2,1
CUST0000797753,3,25,1,1
CUST0000797755,1,2,1,0
CUST0000798179,1,2,1,0
CUST0000799807,1,14,1,0
CUST0000801895,1,10,1,0
CUST0000802332,1,1,1,0
CUST0000802534,1,7,1,0
CUST0000802910,4,22,1,0
CUST0000804462,1,10,1,1
CUST0000804675,2,4,2,0
CUST0000804925,5,9,1,1
CUST0000805211,2,8,1,0
CUST0000805509,1,4,1,0
CUST0000805786,1,1,1,0
CUST0000805881,3,8,2,0
CUST0000806551,6,24,1,1
CUST0000807176,2,2,1,0
CUST0000807441,3,12,1,0
CUST0000807919,1,2,1,0
CUST0000808290,2,17,1,0
CUST0000808474,1,4,1,1
CUST0000808639,1,25,1,0
CUST0000809605,2,7,1,0
CUST0000811618,1,13,1,0
CUST0000811661,4,32,1,0
CUST0000812379,1,13,1,1
CUST0000813108,1,17,1,0
CUST0000813604,1,4,1,1
CUST0000814656,1,9,1,0
CUST0000814766,2,6,1,0
CUST0000815118,1,17,1,0
CUST0000815801,1,5,1,1
CUST0000816072,2,22,2,0
CUST0000816691,1,1,1,0
CUST0000817425,1,10,1,1
CUST0000817991,3,17,2,0
CUST0000818250,1,14,1,1
CUST0000818812,1,11,1,0
CUST0000818932,4,9,2,0
CUST0000820108,1,3,1,0
CUST0000820324,1,2,1,1
CUST0000821330,1,13,1,0
CUST0000821622,3,13,2,1
CUST0000822085,1,4,1,0
CUST0000822341,3,18,1,1
CUST0000822356,1,7,1,0
CUST0000823558,1,1,1,0
CUST0000827750,1,3,1,1
CUST0000827922,1,3,1,0
CUST0000828036,2,26,2,1
CUST0000828166,1,4,1,0
CUST0000829333,2,2,1,0
CUST0000829489,1,28,1,0
CUST0000830044,3,3,1,0
CUST0000830424,2,17,1,0
CUST0000830529,1,5,1,0
CUST0000831162,4,27,1,0
CUST0000832283,3,31,2,0
CUST0000832339,1,12,1,0
CUST0000832979,2,6,1,0
CUST0000833853,1,1,1,0
CUST0000834066,4,11,2,1
CUST0000834937,2,8,1,0
CUST0000835559,4,27,3,0
CUST0000836042,1,1,1,0
CUST0000836503,1,11,1,0
CUST0000837146,8,9,2,0
CUST0000837409,2,26,1,0
CUST0000838231,1,18,1,0
CUST0000839736,2,5,2,0
CUST0000840136,2,5,2,1
CUST0000840344,2,23,2,1
CUST0000840438,1,4,1,0
CUST0000840518,1,19,1,0
CUST0000841571,1,16,1,0
CUST0000841880,1,2,1,0
CUST0000843006,2,15,1,0
CUST0000843130,1,12,1,0
CUST0000843662,2,14,1,0
CUST0000843677,2,14,2,0
CUST0000844115,1,9,1,0
CUST0000846079,1,4,1,0
CUST0000846113,1,11,1,1
CUST0000846163,4,24,2,0
CUST0000846201,2,3,2,1
CUST0000846460,1,2,1,0
CUST0000846938,1,4,1,0
CUST0000847458,1,15,1,0
CUST0000847557,3,18,1,1
CUST0000848021,3,14,2,0
CUST0000848525,2,14,1,0
CUST0000848953,1,9,1,0
CUST0000850673,4,5,1,0
CUST0000851860,1,26,1,0
CUST0000851982,1,9,1,0
CUST0000853197,1,3,1,1
CUST0000853841,1,12,1,0
CUST0000855054,5,24,1,0
CUST0000855240,2,10,2,1
CUST0000855939,1,15,1,0
CUST0000856322,6,24,3,1
CUST0000856398,1,5,1,1
CUST0000856617,2,30,2,0
CUST0000857328,1,2,1,1
CUST0000858321,1,8,1,0
CUST0000858503,4,14,1,0
CUST0000859140,2,4,1,1
CUST0000860648,1,15,1,0
CUST0000860835,1,9,1,0
CUST0000861189,2,21,2,0
CUST0000861304,3,8,1,1
CUST0000861358,2,18,1,0
CUST0000861456,3,12,2,0
CUST0000861794,1,6,1,0
CUST0000862670,1,1,1,0
CUST0000863656,1,16,1,0
CUST0000863879,3,12,2,0
CUST0000863891,1,20,1,0
CUST0000864535,7,18,1,1
CUST0000865565,1,2,1,0
CUST0000865865,1,7,1,0
CUST0000867394,1,5,1,0
CUST0000867461,1,1,1,0
CUST0000870644,2,26,1,0
CUST0000871609,2,13,1,0
CUST0000872164,1,7,1,0
CUST0000872480,1,6,1,0
CUST0000872792,2,2,1,1
CUST0000873299,1,18,1,0
CUST0000873338,2,5,1,1
CUST0000873426,1,6,1,0
CUST0000873432,1,23,1,0
CUST0000874276,2,5,2,1
CUST0000874677,1,16,1,0
CUST0000874794,2,15,1,1
CUST0000876191,1,4,1,0
CUST0000876718,1,4,1,1
CUST0000877767,3,23,2,0
CUST0000877805,2,22,1,0
CUST0000878913,1,14,1,0
CUST0000878929,1,11,1,1
CUST0000880352,1,10,1,1
CUST0000880906,4,20,2,0
CUST0000882569,1,15,1,0
CUST0000882756,1,11,1,0
CUST0000882972,1,21,1,0
CUST0000882989,3,12,1,0
CUST0000883034,1,14,1,0
CUST0000883283,1,10,1,0
CUST0000883751,2,3,1,0
CUST0000883929,2,19,1,0
CUST0000884475,2,29,1,0
CUST0000885195,1,7,1,0
CUST0000885752,1,21,1,0
CUST0000885800,1,4,1,0
CUST0000885945,3,8,1,1
CUST0000885962,2,6,1,0
CUST0000886084,2,24,1,0
CUST0000886851,1,2,1,0
CUST0000887195,1,3,1,1
CUST0000887225,1,2,1,0
CUST0000887296,1,2,1,0
CUST0000888005,6,29,1,0
CUST0000890414,2,13,2,0
CUST0000890978,1,11,1,1
CUST0000892068,1,2,1,0
CUST0000892723,1,10,1,0
CUST0000892890,2,10,2,0
CUST0000892936,1,6,1,1
CUST0000894063,1,16,1,0
CUST0000894444,2,6,1,0
CUST0000894955,2,4,2,1
CUST0000895836,1,37,1,0
CUST0000895972,3,13,1,0
CUST0000896495,1,2,1,0
CUST0000896618,4,21,1,1
CUST0000896754,2,3,1,1
CUST0000896986,4,23,2,0
CUST0000897025,1,27,1,0
CUST0000897274,1,3,1,0
CUST0000897794,1,2,1,0
CUST0000898601,1,9,1,0
CUST0000898874,1,3,1,0
CUST0000899340,1,19,1,0
CUST0000899882,1,35,1,0
CUST0000899988,2,3,1,1
CUST0000901312,1,19,1,0
CUST0000901390,2,5,2,1
CUST0000901687,1,10,1,0
CUST0000901719,1,24,1,0
CUST0000902161,2,4,1,1
CUST0000902490,2,2,1,0
CUST0000903399,1,6,1,0
CUST0000903739,6,21,1,0
CUST0000904125,3,20,2,0
CUST0000904408,5,14,1,0
CUST0000904873,1,1,1,0
CUST0000905114,1,12,1,0
CUST0000905609,3,6,3,0
CUST0000906762,1,7,1,0
CUST0000907594,1,1,1,0
CUST0000907948,4,12,1,0
CUST0000908384,1,13,1,0
CUST0000909540,1,20,1,0
CUST0000910411,2,3,2,0
CUST0000911359,5,7,1,0
CUST0000911564,4,14,1,0
CUST0000912092,2,3,1,1
CUST0000912168,1,2,1,0
CUST0000912429,1,5,1,0
CUST0000913892,2,11,1,1
CUST0000913995,1,15,1,1
CUST0000914396,3,15,1,0
CUST0000915120,1,12,1,0
CUST0000915222,1,16,1,0
CUST0000915470,1,3,1,0
CUST0000915794,1,5,1,1
CUST0000915965,1,17,1,0
CUST0000916506,1,2,1,0
CUST0000916536,2,5,2,0
CUST0000916716,1,11,1,0
CUST0000917476,1,19,1,0
CUST0000917696,1,1,1,0
CUST0000918102,5,18,1,0
CUST0000918256,3,9,2,0
CUST0000918462,2,8,2,0
CUST0000918624,1,3,1,0
CUST0000918881,4,22,1,0
CUST0000918984,4,25,1,0
CUST0000919465,1,19,1,1
CUST0000919826,7,21,1,0
CUST0000920214,1,19,1,0
CUST0000920466,1,30,1,0
CUST0000922878,1,18,1,0
CUST0000922993,2,30,1,1
CUST0000923551,7,22,3,0
CUST0000923667,2,6,1,0
CUST0000924696,5,19,3,0
CUST0000924929,4,18,1,1
CUST0000926130,1,4,1,0
CUST0000926292,2,15,2,0
CUST0000926427,1,5,1,0
CUST0000926667,1,18,1,1
CUST0000927074,1,3,1,1
CUST0000927524,3,13,1,0
CUST0000927569,5,18,2,0
CUST0000928411,1,10,1,0
CUST0000928648,1,7,1,1
CUST0000929563,3,23,2,0
CUST0000930066,3,11,1,0
CUST0000930325,1,22,1,1
CUST0000931849,1,6,1,1
CUST0000931886,1,9,1,0
CUST0000931901,1,11,1,1
CUST0000931984,2,17,1,0
CUST0000932152,3,8,1,0
CUST0000932531,1,1,1,0
CUST0000932899,3,16,2,0
CUST0000932977,1,11,1,0
CUST0000933215,2,4,1,0
CUST0000934795,3,15,2,0
CUST0000935509,1,4,1,0
CUST0000936104,1,1,1,1
CUST0000937299,1,3,1,0
CUST0000938180,1,1,1,0
CUST0000940633,1,27,1,0
CUST0000941365,2,18,2,0
CUST0000941865,4,16,1,0
CUST0000942820,2,27,2,0
CUST0000943524,1,1,1,0
CUST0000945332,3,18,1,0
CUST0000945695,1,3,1,0
CUST0000946591,2,19,1,0
CUST0000947010,2,9,2,0
CUST0000947049,1,18,1,0
CUST0000947188,1,1,1,0
CUST0000947514,4,10,1,0
CUST0000947889,2,2,1,0
CUST0000948399,1,1,1,0
CUST0000949264,2,10,1,1
CUST0000949963,1,15,1,0
CUST0000950087,1,20,1,0
CUST0000950289,1,2,1,0
CUST0000950666,4,11,1,1
CUST0000950812,1,9,1,0
CUST0000951488,1,2,1,0
CUST0000951802,2,11,1,0
CUST0000951874,1,14,1,1
CUST0000952310,1,2,1,0
CUST0000953363,2,17,1,0
CUST0000953463,2,15,2,1
CUST0000953727,1,8,1,0
CUST0000954371,5,13,1,0
CUST0000955346,1,1,1,0
CUST0000955744,2,6,2,1
CUST0000956261,1,14,1,0
CUST0000957777,2,3,2,0
CUST0000958098,4,33,3,0
CUST0000958177,1,3,1,1
CUST0000958935,2,19,1,0
CUST0000959210,4,17,3,0
CUST0000959307,2,6,2,1
CUST0000959332,4,22,1,0
CUST0000959416,2,11,1,0
CUST0000959875,1,11,1,0
CUST0000960214,1,40,1,0
CUST0000960281,2,22,2,1
CUST0000960424,3,11,1,0
CUST0000963329,1,6,1,0
CUST0000964045,3,6,1,1
CUST0000964342,1,3,1,0
CUST0000965765,1,10,1,0
CUST0000965879,1,9,1,1
CUST0000966156,1,15,1,0
CUST0000967041,4,6,2,0
CUST0000967288,2,7,1,0
CUST0000967657,1,13,1,1
CUST0000967987,2,4,1,1
CUST0000969123,3,3,2,0
CUST0000969237,1,10,1,0
CUST0000969621,1,2,1,0
CUST0000971158,1,9,1,1
CUST0000971633,2,15,2,0
CUST0000971929,1,17,1,0
CUST0000971991,3,14,1,0
CUST0000974297,1,10,1,0
CUST0000974546,2,9,1,0
CUST0000975272,4,6,2,0
CUST0000975940,5,33,2,0
CUST0000976529,4,22,1,1
CUST0000977162,3,9,2,0
CUST0000978286,1,5,1,1
CUST0000978795,2,23,2,0
CUST0000980244,2,12,1,1
CUST0000980418,3,22,1,0
CUST0000981542,3,5,1,0
CUST0000981826,8,30,2,0
CUST0000981925,2,19,2,0
CUST0000983323,1,9,1,1
CUST0000983830,5,13,3,1
CUST0000984094,1,4,1,1
CUST0000985163,4,10,2,0
CUST0000985379,1,4,1,0
CUST0000985435,1,1,1,0
CUST0000986262,1,3,1,1
CUST0000986591,1,9,1,0
CUST0000987265,1,1,1,0
CUST0000987542,2,9,1,1
CUST0000987552,1,21,1,0
CUST0000987769,1,1,1,0
CUST0000988538,1,2,1,0
CUST0000989103,2,23,1,0
CUST0000989318,2,7,2,1
CUST0000990044,1,7,1,1
CUST0000990401,3,10,3,0
CUST0000991337,1,2,1,0
CUST0000991376,5,7,2,0
CUST0000991565,1,2,1,0
CUST0000992313,1,9,1,0
CUST0000992773,1,3,1,1
CUST0000993082,1,4,1,0
CUST0000994092,1,12,1,0
CUST0000994225,2,12,1,0
CUST0000994273,1,2,1,1
CUST0000994456,5,20,1,0
CUST0000995323,2,30,1,0
CUST0000996154,1,11,1,0
CUST0000997118,4,9,1,0
CUST0000997627,2,10,2,1
CUST0000998017,10,21,1,0
CUST0000998907,2,24,1,1
CUST0000999385,3,36,3,0
CUST0000999786,4,8,4,0